Sample Name,unidentified_1,unidentified_2,unidentified_3,unidentified_4,unidentified_5,unidentified_6,unidentified_7,unidentified_8,unidentified_9,unidentified_10,pyridine impurity,"1,2-ethylene glycol","1,2-butandiol",unidentified_11,unidentified_12,unidentified_13,unidentified_14,unidentified_15,unidentified_16,unidentified_17,unidentified_18,unidentified_19,unidentified_20,unidentified_21,unidentified_22,unidentified_23,unidentified_24,"1,3-propanediol",unidentified_25,unidentified_26,unidentified_27,unidentified_28,unidentified_29,unidentified_30,unidentified_31,2-furaldehyde,unidentified_32,unidentified_33,ammonia,ammonia,trihydroxylamine,lactic acid,unidentified_34,unidentified_35,unidentified_36,unidentified_37,unidentified_38,unidentified_39,unidentified_40,alanine,unidentified_41,unidentified_42,unidentified_43,unidentified_44,phenolic acid,unidentified_45,unidentified_46,unidentified_47,unidentified_48,glycine,unidentified_49,valine,unidentified_50,unidentified_51,unidentified_52,unidentified_53,alpha-hydroxyvaleric acid,unidentified_54,unidentified_55,unidentified_56,valine,unidentified_57,unidentified_58,unidentified_59,glycerol,unidentified_60,"4-methyl, 2-hydroxy pentanoic acid",glycerol,glycerol,unidentified_61,unidentified_62,glycerol,unidentified_63,leucine,unidentified_64,sulphate,unidentified_65,isoleucine,unidentified_66,unidentified_67,unidentified_68,glycine,unidentified_69,unidentified_70,unidentified_71,unidentified_72,unidentified_73,serine,phosphoric acid,phosphoric acid,phosphoric acid,glyceric acid,threonine,glyceric acid,alanine,unidentified_74,serine,unidentified_75,unidentified_76,unidentified_77,unidentified_78,fumaric acid,fumaric acid,threonine,unidentified_79,benzoic acid,unidentified_80,unidentified_81,unidentified_82,succinic acid,unidentified_83,phosphoric acid,unidentified_84,unidentified_85,unidentified_86,unidentified_87,unidentified_88,N-acetylalanine,unidentified_89,unidentified_90,homoserine,unidentified_91,unidentified_92,unidentified_93,homoserine,"3-methyl 1,2-hydroxybutane",uracil,unidentified_94,unidentified_95,unidentified_96,unidentified_97,unidentified_98,citramalic acid,unidentified_99,unidentified_100,unidentified_101,unidentified_102,unidentified_103,unidentified_104,ethylphosphate,malic acid,aspartic acid,unidentified_105,aspartic acid,unidentified_106,unidentified_107,unidentified_108,unidentified_109,unidentified_110,unidentified_111,unidentified_112,unidentified_113,unidentified_114,aspartic acid,unidentified_115,unidentified_116,unidentified_117,unidentified_118,unidentified_119,unidentified_120,unidentified_121,unidentified_122,unidentified_123,unidentified_124,unidentified_125,2-isopropyl-malic acid,unidentified_126,unidentified_127,unidentified_128,cysteine,arginine,2-hydroxyglutaric acid,2-hydroxyglutaric acid,2-hydroxyglutaric acid,"3,4-dimethylenedioxy mandelic acid",unidentified_129,glutamic acid,unidentified_130,"2,4-dimethylbenzoic acid",2-hydroxyphenylethanol,glutamic acid,unidentified_131,2-ketoglutaric acid,pyroglutamic acid,5-hydroxy furancarboxylic acid,unidentified_132,pyroglutamic acid,tropic acid,pyroglutamic acid,unidentified_133,unidentified_134,2-ketoglutaric acid,unidentified_135,unidentified_136,unidentified_137,unidentified_138,unidentified_139,phenylalanine,unidentified_140,unidentified_141,unidentified_142,unidentified_143,sugar or sugar alcohol,sugar or sugar alcohol,sugar or sugar alcohol,"1,6-anhydroglucose",unidentified_144,unidentified_145,unidentified_146,unidentified_147,unidentified_148,mannose,unidentified_149,mannose,unidentified_150,unidentified_151,unidentified_152,isocitric acid,citric acid,unidentified_153,unidentified_154,citric acid,unidentified_155,unidentified_156,glutamine,lysine,unidentified_157,unidentified_158,3-phosphoglycerate,dextrose,unidentified_159,4-deoxypyridoxine,unidentified_160,unidentified_161,glucopyranose,dextrose,glucose,unidentified_162,unidentified_163,unidentified_164,unidentified_165,unidentified_166,unidentified_167,unidentified_168,unidentified_169,N-acetylglutamic acid,myo-inositol,unidentified_170,myo-inositol,sugar or sugar alcohol,unidentified_171,unidentified_172,diphenylketone,unidentified_173,unidentified_174,tyrosine,unidentified_175,myo-inositol-1-phosphate,sugar or sugar alcohol,unidentified_176,cadaverine,unidentified_177,histidine,unidentified_178,unidentified_179,unidentified_180,pantothenic acid,unidentified_181,unidentified_182,sugar or sugar alcohol,pantothenic acid,hexadecanoic acid,unidentified_183,hexadecenoic acid,unidentified_184,unidentified_185,carbamoyl-aspartic acid,unidentified_186,sugar or sugar alcohol,S-adenosylmethionine,adenine,S-adenosylmethionine,unidentified_187,unidentified_188,unidentified_189,unidentified_190,heptadecanoic acid,unidentified_191,unidentified_192,unidentified_193,aspartic acid derivative,sugar or sugar alcohol,unidentified_194,unidentified_195,unidentified_196,unidentified_197,unidentified_198,sugar or sugar alcohol,unidentified_199,unidentified_200,unidentified_201,unidentified_202,unidentified_203,unidentified_204,cystathionine,cystathionine,unidentified_205,octadecanoic acid,sugar or sugar alcohol,unidentified_206,octadecanoic acid,octadecanoic acid,unidentified_207,unidentified_208,unidentified_209,catecholpyruvic acid,glucose-6-phosphate,unidentified_210,histidine,unidentified_211,unidentified_212,glucose-6-phosphate|glucose-1-phosphate,unidentified_213,sugar or sugar alcohol,unidentified_214,myo-inositol-6-phosphate,unidentified_215,myo-inositol-6-phosphate,unidentified_216,tryptophan,gluconic acid,unidentified_217,unidentified_218,unidentified_219,cinnamic acid,glutathione,galactose-6-phosphate,galactinol,sucrose,adenosine-5-monophosphate,galactose-6-phosphate,unidentified_220,unidentified_221,sugar or sugar alcohol,sucrose,galactinol,1-monohexadecanoylglycerol,unidentified_222,maltose,trehalose,trehalose,sugar or sugar alcohol,maltose,unidentified_223,unidentified_224,sugar or sugar alcohol,unidentified_225,dehydroabietic acid,isomaltose,sugar or sugar alcohol,unidentified_226,isomaltose,sugar or sugar alcohol,stearic acid-propyl ester,unidentified_227,maltose,sugar or sugar alcohol,sugar-phosphate,unidentified_228,dehydroergosterol,S-adenosylhomocysteine,unidentified_229,unidentified_230,metadata__Characteristics[Organism part],metadata__Factor Value[nutrient],metadata__Factor Value[growth rate],metadata__Source Name
1_1,16925800,4713252,0,0,8014516,33439296,4328134,0,0,0,692230,2103458,1590209,0,0,0,0,0,3544472,0,0,0,0,2646114,0,467851,777626,777626,8378613,0,0,2997685,0,0,0,0,0,0,0,0,3439120,13362474,19708449,3058794,0,0,0,0,2017163,0,56816900,292898,0,14780540,0,0,0,0,0,17972801,2530410,0,3865898,0,0,6398207,123225,0,2162350,0,0,33251257,33251257,932416,0,0,0,0,0,0,127754,0,0,0,0,0,0,370019,4397046,32065,182953379,0,0,23915667,0,0,0,0,1346543,116209884,0,1215147,0,2582529,0,10865232,0,1932954,0,0,0,1859945,1859945,1859945,3594810,0,0,0,23676437,1695840,2712705,169757,0,9994020,0,18357,11920560,1402397,0,53370,2824409,604879,337777,0,646368,816909,40421,1824951,0,0,0,27092,1066004,149593,0,0,0,0,209967,0,355412,537559,4460218,0,0,419011,0,0,0,0,0,0,0,0,7760871,0,0,0,0,0,447215,0,17905542,407916,0,0,953657,0,0,210166,0,0,47908,45403259,760683,0,0,13100469,0,0,0,27050180,0,0,7975,0,0,19194554,0,54580,0,0,35399,3801743,0,0,0,0,400941,311783,0,0,666846,0,17136613,501999,0,20863,0,0,941310,0,0,834952,2265254,5813175,2332465,2304354,2265254,247114,0,0,56795766,0,13789495,332738,1672821,101894,448350,868346,0,84893,0,894014,0,601943,47158,0,1781459,2726535,1277003,1881580,247708,0,7527682,0,2332512,0,0,5028996,0,55874,193049,0,0,0,490344,0,65495,0,0,646099,0,0,0,0,0,0,0,189577,0,0,11933103,194349,1456034,0,109670,166544,47125,0,815145,0,0,126108,240144,550189,0,124285,762894,0,0,6819,0,65919,0,200933,0,24575,0,61716,0,0,0,0,0,0,0,0,3320864,0,1127998,479048,750479,0,225751,633023,0,531633,0,0,0,0,437016,0,0,0,3485168,352372,80769,0,0,238404,111495,73769,0,53584,0,0,694134,64036,0,899530,0,0,0,5924,48527,398210,0,0,123216159,1073296,0,0,0,0,0,0,332523,0,1719091,237890,0,0,2176274,0,0,0,0,163143,0,77000,6745,whole organism,Carbon limiting,0.07,Internal/Endometabolome
1_2,,,,,,,,,,,,,,,,,,,,,,,,,,,,,,,,,,,,,,,,,,,,,,,,,,,,,,,,,,,,,,,,,,,,,,,,,,,,,,,,,,,,,,,,,,,,,,,,,,,,,,,,,,,,,,,,,,,,,,,,,,,,,,,,,,,,,,,,,,,,,,,,,,,,,,,,,,,,,,,,,,,,,,,,,,,,,,,,,,,,,,,,,,,,,,,,,,,,,,,,,,,,,,,,,,,,,,,,,,,,,,,,,,,,,,,,,,,,,,,,,,,,,,,,,,,,,,,,,,,,,,,,,,,,,,,,,,,,,,,,,,,,,,,,,,,,,,,,,,,,,,,,,,,,,,,,,,,,,,,,,,,,,,,,,,,,,,,,,,,,,,,,,,,,,,,,,,,,,,,,,,,,,,,,,,,,,,,,,,,,,,,,whole organism,Carbon limiting,0.07,Internal/Endometabolome
1_3,,,,,,,,,,,,,,,,,,,,,,,,,,,,,,,,,,,,,,,,,,,,,,,,,,,,,,,,,,,,,,,,,,,,,,,,,,,,,,,,,,,,,,,,,,,,,,,,,,,,,,,,,,,,,,,,,,,,,,,,,,,,,,,,,,,,,,,,,,,,,,,,,,,,,,,,,,,,,,,,,,,,,,,,,,,,,,,,,,,,,,,,,,,,,,,,,,,,,,,,,,,,,,,,,,,,,,,,,,,,,,,,,,,,,,,,,,,,,,,,,,,,,,,,,,,,,,,,,,,,,,,,,,,,,,,,,,,,,,,,,,,,,,,,,,,,,,,,,,,,,,,,,,,,,,,,,,,,,,,,,,,,,,,,,,,,,,,,,,,,,,,,,,,,,,,,,,,,,,,,,,,,,,,,,,,,,,,,,,,,,,,,whole organism,Carbon limiting,0.07,Internal/Endometabolome
2_1,15102283,5426512,2087296,5481289,6741108,3387217,0,49378439,0,16679048,2923365,2033415,1334433,0,2159747,0,2640365,0,3411338,0,1418796,0,0,2234456,0,408116,0,0,7737698,0,0,2898967,0,0,0,163375,0,0,0,0,1090992,0,7673322,2756119,0,0,0,0,0,0,54701274,258075,0,12586084,0,0,0,0,926423,16203328,2506325,0,3159401,0,0,6003255,328980,0,1599282,2465069,0,29647213,29647213,0,184733,0,0,0,0,0,137618,328509,0,0,446948,0,0,370708,2999782,38494,0,0,1578085,24500066,0,4460605,486012,15185,5781986,114570810,0,991455,0,0,0,8914864,0,0,0,394472,0,1244430,1244430,0,3202379,0,0,505834,22777339,5862816,2385202,0,0,8607948,0,0,9326979,0,0,0,2191264,0,315667,0,511132,0,31424,1527022,64133,0,0,92806,907681,130463,0,130463,0,0,180812,0,311608,495481,3905132,0,205700,330403,0,0,139369,0,0,0,0,79386,7486521,0,91502,0,0,0,373124,0,15451470,352675,0,0,0,700554,0,174603,0,0,16988,0,0,0,0,14148761,0,0,0,29676872,0,12878,5513,0,0,18011787,0,0,0,0,30903,1921781,0,0,0,0,0,288902,0,85860,562845,0,17424555,519950,0,360387,243816,0,942320,15956,0,796725,0,5538373,2243050,9685506,0,0,0,0,58454813,0,2520846,405852,1665626,310334,0,864060,0,74861,0,760049,0,535738,0,0,6946187,2436703,0,1595460,206201,0,7340298,0,2098862,0,0,5016194,0,0,157988,473566,0,0,408310,133346,78861,0,0,573277,47709,93147,0,0,0,0,0,0,0,0,11787724,154903,1208787,0,106728,187912,45212,0,723058,0,0,140136,0,513720,0,100440,824022,0,0,5145,0,87704,0,190494,0,70524,0,161905,0,0,0,0,0,64119,64119,0,3485384,0,1419236,519664,921717,0,0,605152,0,603026,0,0,0,0,483215,0,0,0,4408474,342024,142916,0,69147,253420,101679,336346,0,42399,0,33513,817059,46723,0,1029893,0,0,0,10018,61367,358149,0,25170,122446766,0,0,0,0,119167,0,0,162533,0,0,222824,0,0,2192400,0,0,0,0,150265,0,53710,34895,whole organism,Carbon limiting,0.07,Internal/Endometabolome
3_1,15666757,0,0,0,8000168,0,3013613,47127307,2000589,17735701,2957273,2000589,1332961,0,0,0,2427673,0,3284062,177129,1161683,679806,0,3487310,0,439858,0,606702,7683123,0,0,2711353,1085343,0,0,0,0,0,0,0,2864045,11993586,26163354,2607669,0,0,0,0,1421756,0,47594385,296133,0,12342790,0,0,0,0,962118,21569055,3495288,0,3549466,0,0,5112604,286792,0,1832319,3101411,0,29755506,29755506,757231,0,435497,0,0,0,0,149501,318801,0,0,371176,0,0,315349,1778406,65981,169187325,0,0,23887326,0,0,0,0,0,109266499,0,821180,0,2620584,0,10991250,0,844026,0,381479,0,0,0,1127165,2164118,0,1533864,1533864,21509283,2891903,2388308,0,0,8684868,8082,0,13977186,0,0,0,3350115,687638,225016,0,725197,457933,38361,1234687,41280,0,0,0,0,0,0,0,0,0,157194,0,297555,455032,3877568,0,0,410175,0,0,123359,0,0,0,213655,0,4901567,0,0,0,0,0,403690,0,11765545,490516,0,0,808624,388886,0,132187,121324,0,0,40573158,5057060,0,0,12077006,0,6684615,0,17578099,57517,0,0,0,0,18152534,0,0,0,0,0,1960106,0,0,0,0,0,223407,0,0,0,0,13052643,0,0,0,0,0,322961,9997,90624,206567,0,3166669,2277227,10062487,2067783,221340,0,0,53480084,0,11942391,69605,1065302,181633,135424,688796,0,0,0,204312,0,489903,40557,0,5725772,2113520,0,1713958,36377,0,6308970,0,2024988,0,0,4235299,0,58431,162841,741035,0,0,354715,0,0,0,0,557726,326124,193699,0,0,0,0,0,0,0,0,10513937,152399,0,0,90267,150000,47756,0,712018,0,0,144586,297993,447181,0,92296,837805,0,0,9379,0,69332,0,178509,0,50062,0,269456,0,0,0,27882,0,42774,42774,0,3024976,0,1589761,470937,960193,0,0,537630,0,512001,0,0,0,0,406563,0,0,0,4697267,307987,43976,0,0,221231,112802,435493,0,63583,0,27500,754048,43395,273924,894091,0,0,0,0,64173,369082,0,0,121981930,862614,0,0,0,0,0,0,174842,0,1390235,217669,0,0,1885168,0,0,0,0,150292,319177,70268,55651,whole organism,Carbon limiting,0.07,Internal/Endometabolome
4_1,16603224,0,0,0,0,0,0,0,0,407974,0,0,57734,0,0,0,0,0,2646170,0,0,591637,0,0,0,0,0,0,9667549,0,0,3353047,1034025,0,0,0,0,0,0,0,0,0,758041,3232930,0,0,0,0,0,0,0,0,0,13090465,0,0,0,0,0,0,0,0,0,622751,0,0,0,0,10292477,0,0,14170,0,0,0,0,0,0,55313062,0,255209,62843314,0,0,272458,0,0,546149,0,34861,0,0,0,0,0,0,414925,0,9450639,113296439,0,68241,0,2678579,0,8387125,0,0,260690,499944,0,1416277,0,1416277,1476270,0,584990,584990,23064762,6463632,2194670,0,0,9466367,0,0,46987033,0,0,0,11042426,0,0,44850,3535743,0,0,827081,0,59306,5578182,22648,1102777,150763,0,0,0,0,167203,0,0,481824,0,0,0,0,0,0,294715,0,0,0,0,0,2120566,0,0,0,0,0,344030,0,2434564,144560,0,0,458437,0,0,41865,0,0,17105,15650619,243941,0,0,0,0,432017,0,1967239,0,0,0,0,0,16323944,0,0,0,0,18509,3064774,0,0,0,0,0,0,0,0,1017990,0,15342604,372184,810899,0,0,0,1362239,0,99233,0,0,187995,462874,10164788,1267617,287025,0,0,32995370,0,0,0,0,25752,9880,490029,0,0,0,0,0,517978,0,0,6381524,928105,1553242,1328882,105968,0,4680022,0,2541084,0,0,5499847,0,0,0,366761,0,0,240432,117458,0,0,0,633032,0,0,0,0,0,0,0,0,0,0,12306612,0,383830,0,114593,0,23984,0,1593332,118179,0,269087,257603,465410,0,105715,941825,0,109891,32030,0,102705,0,93288,0,0,0,410120,0,0,0,40603,129181,33096,0,0,3547453,0,2024046,467262,908915,0,268003,0,0,1134483,0,0,0,0,888837,0,0,0,5039983,502152,247433,0,0,769697,0,581488,0,15534,96463,90994,1029068,18325,155382,1591084,0,0,0,0,83764,385488,0,0,90846460,198278,0,0,0,129845,0,0,144978,0,3268153,226135,0,0,2147311,0,0,0,46183,178990,0,34904,74836,whole organism,Carbon limiting,0.1,Internal/Endometabolome
5_1,14164351,5462950,2024512,0,6597634,28229160,2792701,67662054,0,16920785,3746828,2051111,1369569,0,2277849,708576,2743227,0,3431554,483891,1448461,668036,0,2207385,0,0,1236327,0,7928636,0,0,2827168,230618,0,0,0,0,413783,0,0,3216259,12100705,19245686,2661034,330843,254249,0,0,1681695,0,45175340,0,32761,12603677,0,0,0,0,0,16165163,0,0,2068058,0,0,6485623,90269,0,1589994,2610520,0,19071105,19071105,764133,233034,0,0,0,0,0,288940,0,0,0,413073,0,0,592519,2585998,81163,164846460,0,0,21785968,0,3672847,652825,0,7565663,130725704,0,663587,0,2233355,0,5929200,0,1894086,0,383382,0,1267008,0,0,3024945,18673,0,0,22718929,2471110,2124514,421370,0,8367066,0,0,9022066,683847,0,0,2139691,615896,298300,0,499438,568025,35853,1140335,117977,0,1447385,0,887963,143431,0,143431,0,0,176585,0,359437,537637,3425166,0,370301,260289,0,0,286818,0,0,128279,128279,234349,13132261,0,87372,0,0,0,270651,0,12934031,345686,483856,0,946921,752132,0,0,261279,0,69619,30111171,858189,0,0,24204184,0,0,0,46394889,0,0,0,0,0,20981308,0,66694,0,142559,0,0,0,0,0,4297163,474919,350086,94478,154354,700868,0,16211934,716151,0,445324,291549,0,2371269,28551,155909,1559342,0,6506796,1804471,9443332,0,348277,0,0,45264630,0,11389179,1200733,6298099,332667,1015842,707321,0,112630,0,456485,0,791829,0,0,6272375,2260983,191766,1846279,36411,0,6373490,373360,4037299,0,0,5224427,0,134898,0,0,0,0,889674,127677,103665,0,0,855126,61153,0,0,0,0,111434,0,20216,0,0,10891224,178252,1331988,0,154191,1166805,48176,0,849914,0,63653,116396,305219,616405,75040,94285,770990,0,107833,66476,0,65624,0,156927,0,737299,0,0,0,0,0,39212,206041,208821,208821,0,3246552,0,2172778,507834,607208,0,714278,702987,0,854913,0,0,0,0,698602,0,0,0,5868199,551992,350334,268792,0,488438,226887,972806,0,0,89615,52368,2121248,134608,482682,1271482,0,0,0,6533,0,469069,0,6533,91224848,1026761,0,0,0,184716,0,0,146475,0,0,233269,0,0,2257296,0,0,0,51361,243571,510652,47151,156764,whole organism,Carbon limiting,0.1,Internal/Endometabolome
6_1,14521256,6628736,2015452,6293725,6712593,4307730,0,0,0,16634381,1073490,0,1434226,0,0,717136,2809492,0,3541236,0,0,0,0,2312741,0,0,1232812,0,7945900,0,0,2850835,935257,0,763640,0,0,0,0,0,1045941,4063574,17068864,2607403,0,0,0,0,1758171,0,46473936,69600,0,12546710,0,0,76000,0,938973,16120746,2406578,0,2147942,0,0,6584460,91018,0,1447964,2293509,0,19361834,19361834,759622,0,0,0,0,0,0,271152,0,0,77475,396327,0,0,586866,2613767,0,168924964,0,0,21688601,0,5570412,647183,0,0,132144772,0,736585,0,2183047,0,6057174,0,1976963,0,0,0,0,0,1251814,3161134,0,963546,963546,23065498,2570074,2134914,0,0,8376686,163067,0,7808540,727426,0,0,1834915,651210,307290,0,429157,656180,0,0,0,301257,1289123,0,0,138026,0,0,0,0,184191,0,348656,534185,3218887,0,377991,267899,0,0,0,0,0,0,103433,247745,13421438,0,0,0,0,0,271536,0,13530384,353723,0,0,964992,694410,0,0,241281,0,87745,30776105,1066531,762515,0,0,0,0,0,47346511,0,0,4215,0,0,20238861,0,0,0,150084,34272,2690696,0,0,149239,0,491148,359201,0,156563,648476,0,16229332,709304,0,490563,320053,0,2353896,26760,177074,1540460,0,7006166,1869309,10023994,0,371307,0,0,45576732,0,11913985,1375617,6410173,20546,1288344,690392,0,0,0,385792,0,804381,0,0,6664354,2424884,0,1727600,36319,0,6300047,0,3971058,0,0,5252890,0,0,262199,346039,0,0,926821,140299,108081,0,0,876948,0,0,0,0,0,0,0,0,0,0,12428207,0,0,0,163166,1162407,0,0,814714,579810,83444,115918,307266,630038,85115,117153,821755,0,0,64597,0,11558,0,165227,0,522860,0,308864,0,0,0,39053,208690,215675,215675,0,3552796,0,2224220,568882,960312,723122,723122,0,0,847201,0,0,0,0,695348,0,0,0,6463600,0,330354,239299,218132,486730,220163,807404,0,0,104439,0,2322776,158223,525299,1322426,0,0,0,42681,0,494373,0,0,91940988,24946,0,0,0,189946,0,0,0,0,3180121,220783,0,0,2377202,0,0,0,54787,276705,0,48827,179849,whole organism,Carbon limiting,0.1,Internal/Endometabolome
7_1,17600241,0,32052,0,7774186,0,3368814,65943848,0,0,4313055,1958180,1076482,0,0,0,0,0,3113406,0,1177455,609479,0,2399178,0,468650,0,425576,7813598,0,0,2582562,0,0,0,0,0,0,0,381722,2947931,11695206,0,2569849,0,0,0,0,1364096,0,20544012,0,0,12500090,0,0,0,0,972647,0,0,0,763462,0,0,0,0,0,2107132,2999510,0,0,9261327,777752,180153,377459,0,0,0,0,230647,0,0,0,874829,0,0,564479,3097351,108296,190656381,0,0,10819671,0,849480,329897,45664,11645454,136479216,12097437,123271,0,3077562,0,6101068,0,3291458,0,391137,0,0,0,1736999,4440386,0,1366257,1366257,2436447,3005299,1100048,304448,0,9014242,0,0,12400809,1336382,0,0,2945234,0,547579,450601,702219,1023316,0,1123180,0,0,737331,171333,0,529325,0,0,0,0,199148,0,0,913031,0,0,814271,344577,0,0,0,0,0,0,0,0,27329727,0,0,0,0,0,563223,0,16676221,399028,0,0,1133712,572773,0,394801,0,0,203348,9420036,3538940,0,0,22207541,0,6832498,0,48653840,0,0,7328,0,0,38302125,0,84903,0,0,31646,3565323,0,0,203149,0,1000373,612740,0,288612,0,0,0,0,2801144,0,7237,0,0,0,361834,763429,4504828,5837753,2898862,10212062,4504828,0,0,490249,6114984,0,3123348,585606,10483282,0,529356,0,0,14408,0,617120,0,0,0,0,9283418,3252225,2380350,2194786,240355,0,27692,0,12345962,45808,0,6690307,0,0,1988829,682833,0,0,2687609,176785,0,0,0,549193,112121,1879116,117657,0,0,21741,0,0,0,0,16688047,0,3159947,0,125755,1161765,56255,0,5028637,0,0,147167,392204,470662,0,147459,940245,0,83246,9347,0,98202,0,0,0,701898,0,502585,0,0,0,0,0,241314,241314,0,4621074,0,1574878,596765,1070882,406742,0,0,0,535004,0,0,0,0,472474,0,0,0,5514207,365602,0,0,319737,1004720,0,762066,0,20660,0,0,1577136,164220,276462,589034,0,0,0,0,0,478919,0,0,21699244,564545,0,0,0,139352,0,100326,87876,0,5131572,246950,0,0,2121947,0,0,0,158882,285979,396439,33883,198835,whole organism,Carbon limiting,0.2,Internal/Endometabolome
8_1,15974412,4864005,0,5417898,9589074,3322756,4511926,68123989,0,19520350,2742077,2212924,1470624,0,0,0,2678292,0,3490735,0,0,688852,0,1513255,0,0,0,291533,8329047,0,0,2864261,0,0,869714,0,0,0,0,0,3392414,13081646,19674235,2832388,0,0,0,0,0,0,3405825,0,0,11607274,0,0,0,0,0,14518361,0,0,0,0,0,3170551,0,0,1845405,2510426,0,8266169,8266169,843382,0,328229,0,0,0,0,200940,338571,0,0,728043,0,0,0,0,0,179864346,0,0,0,0,915243,185206,0,9246237,0,12578478,134574,0,2784686,0,8111546,0,3098564,0,441251,0,1757044,1757044,1757044,4452726,0,740780,740780,24893358,3306859,1076670,268382,0,9457621,0,0,11413914,1336189,0,0,2716242,0,530330,0,595099,0,0,1095917,0,350609,542854,176180,1000994,478323,478323,0,0,0,220342,0,417178,781171,1376883,0,676148,342082,0,0,0,0,0,0,0,0,25011827,0,386487,0,0,0,740041,0,17525656,386592,0,0,1076335,342547,0,425696,0,3344673,192334,8692144,1463218,1001731,0,4534015,0,4129362,0,12062277,102134,16418,8374,0,0,39261839,0,0,0,0,34572,1184839,0,0,199123,0,0,591755,0,0,878185,0,28721354,881141,0,542776,361950,873334,989769,19523,316289,183036,5399869,7628727,3314212,8313249,0,0,0,198065,4358312,0,2333306,184254,0,556819,172589,173356,0,0,0,459247,0,328183,0,0,0,3006211,0,2495959,0,0,691495,0,11889210,11016,0,5734660,0,87165,2746581,437182,0,0,2620283,202272,115660,0,0,535729,0,2602653,0,0,0,0,0,0,0,0,14815851,512149,3812227,0,0,0,0,0,374690,709179,0,114477,374324,374690,0,119191,785438,0,97947,10706,0,81498,0,172352,0,882322,0,451178,0,0,0,75989,0,188701,0,0,4089772,0,1628419,617721,768348,0,0,523332,0,386704,0,7792,0,0,47686,0,0,0,5106053,297441,305074,0,0,589690,140646,645491,0,18608,109801,0,1162018,136995,297433,400599,0,0,0,0,85579,426460,0,0,19967912,436295,0,0,0,141302,0,0,75834,0,4150225,223562,0,0,1815138,105934,0,0,200820,148489,305928,30972,158988,whole organism,Carbon limiting,0.2,Internal/Endometabolome
9_1,13753526,13064798,0,5783912,2677767,0,749891,62220308,0,16959884,2829157,1894439,1276108,0,2008713,0,0,0,2934942,0,0,0,0,1167004,0,0,0,0,6903782,0,0,2453816,0,0,0,0,0,357281,0,0,2964165,11311816,17667136,2361986,0,0,0,0,1070768,0,16030223,191724,0,10218310,0,0,0,0,892270,15026277,0,0,578616,0,0,3397865,0,0,1504386,2298329,0,7502742,7502742,708697,0,231594,0,0,0,0,189369,0,0,0,686489,0,0,217313,0,64833,165533660,0,0,10083851,0,0,232507,23829,6972933,120574420,0,386704,0,2088091,0,6584229,0,3044422,0,365441,0,1578172,1578172,1578172,4403241,0,548493,548493,21757307,2691563,915525,0,0,8047733,0,0,9311908,1082690,0,0,2217159,513404,543078,381334,465722,913779,0,0,0,0,0,0,853502,400032,0,400032,0,0,192098,0,455861,657688,1279960,0,451570,280480,0,0,0,0,0,0,0,0,27110425,0,0,0,0,0,680285,0,19092365,382647,0,0,941665,425586,0,0,243911,8366076,0,7500243,0,874953,0,3878997,0,1043878,0,17720931,0,0,8770,0,0,0,0,0,110009,0,28308,1539193,0,0,186952,0,982710,578764,0,273976,837341,0,26523553,1006340,0,616284,0,0,7321914,0,286623,559611,4553327,7780878,2124564,8303087,4553327,0,0,0,0,0,2428701,328885,9811890,0,0,202174,0,60265,0,451640,0,277313,0,0,7040700,2784087,1798798,2182110,0,0,688243,183806,10388354,40750,0,5174518,0,0,2398714,0,0,0,2530610,166914,109347,0,0,481840,0,2554986,0,0,0,0,0,0,0,0,449734,447892,0,0,73228,828139,0,0,5157951,0,57330,110794,369426,332602,0,115663,793035,0,87545,11309,0,91271,0,134718,0,730452,0,452861,0,0,0,73583,0,191928,191928,0,3951290,0,1494007,637565,722895,361177,361177,514789,0,490246,0,0,0,0,476122,0,0,0,4942312,304552,299750,220215,0,561212,136940,541703,0,26613,0,0,1059318,136324,275871,541982,0,0,0,0,75639,393292,0,0,18307894,483526,0,0,0,135928,0,72125,81104,0,4185947,203851,0,0,1761622,0,0,0,272063,190950,0,36095,0,whole organism,Carbon limiting,0.2,Internal/Endometabolome
10_1,12656277,5758125,0,5029361,7422218,34678895,4086213,45957928,0,18172666,3205420,2028785,1196797,0,0,0,2620392,0,3175047,0,0,629605,0,2495326,0,0,0,0,6932034,0,0,2617630,0,0,0,0,0,0,0,0,0,0,26187650,2606450,0,0,0,0,770340,0,3630084,255139,0,12479949,0,0,0,0,0,21910457,0,0,270501,0,0,2390570,0,0,1790962,2872260,0,0,0,798818,0,0,0,0,0,0,0,328279,0,0,0,0,0,0,0,67718,163891951,0,0,0,0,5317419,0,0,0,126521948,2306493,56789,0,516619,0,874542,0,1266250,0,422222,0,0,0,1980963,1454687,0,0,0,24788284,3158100,5343667,261653,0,9890501,0,0,12765787,0,0,0,3090518,0,296924,505868,605601,0,0,1255246,0,18744,224455,202229,1023277,241664,241664,241664,0,0,224598,0,225479,646249,443758,0,348497,417309,0,0,86810,0,0,0,0,0,19395979,0,0,0,0,0,126672,0,3693085,468409,0,0,0,0,0,97734,0,0,0,3838977,0,0,0,2210797,0,783555,0,18798006,0,0,0,0,0,13892989,0,10034,0,0,170385,4326975,0,0,1864551,0,181164,0,0,90445,0,0,15949005,578111,0,388640,48397,0,344008,0,0,0,833617,1877227,0,8215322,833617,147626,0,1298194,95080220,0,9280602,179331,1680933,0,140385,0,0,12028,0,2791269,0,1247321,0,0,6325529,754817,1970922,935788,11026,0,1721425,0,1684205,0,0,5357877,0,0,0,0,0,0,246162,626676,0,0,0,1109892,0,0,0,0,0,0,0,0,0,0,8060715,66168,634517,0,0,360339,0,0,2253494,0,0,51586,299399,820116,0,100293,853542,0,0,77735,0,106905,0,50902,0,136385,0,185366,0,605010,0,0,304403,0,0,0,1921913,0,0,542940,552226,1084409,1084409,1244157,0,271005,0,0,0,0,302185,0,0,0,3491010,1313837,257403,170522,0,120425,500332,380779,0,129123,62457,0,1450236,30970,671681,0,0,0,0,9315,0,196590,0,0,101150603,1398746,0,0,0,361687,0,0,135632,0,5345825,0,0,0,753249,27301,0,0,0,43955,245061,217356,120715,whole organism,Nitrogen limiting,0.07,Internal/Endometabolome
10_2,,,,,,,,,,,,,,,,,,,,,,,,,,,,,,,,,,,,,,,,,,,,,,,,,,,,,,,,,,,,,,,,,,,,,,,,,,,,,,,,,,,,,,,,,,,,,,,,,,,,,,,,,,,,,,,,,,,,,,,,,,,,,,,,,,,,,,,,,,,,,,,,,,,,,,,,,,,,,,,,,,,,,,,,,,,,,,,,,,,,,,,,,,,,,,,,,,,,,,,,,,,,,,,,,,,,,,,,,,,,,,,,,,,,,,,,,,,,,,,,,,,,,,,,,,,,,,,,,,,,,,,,,,,,,,,,,,,,,,,,,,,,,,,,,,,,,,,,,,,,,,,,,,,,,,,,,,,,,,,,,,,,,,,,,,,,,,,,,,,,,,,,,,,,,,,,,,,,,,,,,,,,,,,,,,,,,,,,,,,,,,,,whole organism,Nitrogen limiting,0.07,Internal/Endometabolome
10_3,,,,,,,,,,,,,,,,,,,,,,,,,,,,,,,,,,,,,,,,,,,,,,,,,,,,,,,,,,,,,,,,,,,,,,,,,,,,,,,,,,,,,,,,,,,,,,,,,,,,,,,,,,,,,,,,,,,,,,,,,,,,,,,,,,,,,,,,,,,,,,,,,,,,,,,,,,,,,,,,,,,,,,,,,,,,,,,,,,,,,,,,,,,,,,,,,,,,,,,,,,,,,,,,,,,,,,,,,,,,,,,,,,,,,,,,,,,,,,,,,,,,,,,,,,,,,,,,,,,,,,,,,,,,,,,,,,,,,,,,,,,,,,,,,,,,,,,,,,,,,,,,,,,,,,,,,,,,,,,,,,,,,,,,,,,,,,,,,,,,,,,,,,,,,,,,,,,,,,,,,,,,,,,,,,,,,,,,,,,,,,,,whole organism,Nitrogen limiting,0.07,Internal/Endometabolome
11_1,8222013,4688713,2273961,5883179,6428736,0,2844906,39944561,0,18359752,1158199,2022361,1337682,0,2029525,0,2564497,0,3167269,0,0,566897,0,1290212,0,0,0,0,6423071,0,0,2500816,842352,0,0,0,0,0,0,0,3161983,11949546,11426070,2467102,0,0,0,0,537517,0,2211951,159459,0,12547613,0,0,0,0,905584,0,0,0,0,0,0,0,249599,0,1357379,2151984,0,2324590,2324590,725838,0,0,0,0,0,0,164206,0,0,0,0,0,0,158315,270573,46289,135818558,0,0,10011553,0,4259648,118923,0,1127206,106519372,0,199975,0,405961,0,836894,0,662552,0,386380,0,0,0,1529118,909698,0,457781,457781,23669129,3414216,4255935,0,0,9293907,0,145869,9459473,0,0,29543,2266206,0,0,0,340393,126711,0,0,0,0,0,0,913067,183645,0,0,0,0,190829,0,209939,491002,0,0,262824,320388,0,0,40312,0,0,0,0,0,13131828,0,53263,0,0,0,108208,0,2437228,418407,0,0,580477,197306,0,57096,0,0,0,2882602,670380,798884,0,0,0,944985,0,8338253,0,0,10652,0,0,12103411,0,16820,0,0,0,0,0,0,1491487,0,115346,0,0,0,140527,0,0,436648,2131517,679672,446383,0,128976,0,0,0,627884,1686677,803384,4280857,627884,134376,0,0,84202897,0,4851193,0,1109595,0,0,156500,0,61761,0,2391068,0,986749,0,0,0,480118,0,646856,71899,0,1297922,529794,1295000,0,0,4169663,0,30286,0,0,0,0,139376,118702,75628,0,0,865853,0,117186,0,0,0,0,0,0,0,0,5062714,0,0,0,0,268839,0,0,1781355,325548,0,42454,307169,629304,40925,41350,849418,0,0,31781,0,10421,0,0,0,48069,0,0,0,0,0,15657,0,0,0,0,1261326,0,0,497055,287264,0,0,912792,0,30908,0,0,0,0,166517,0,0,0,1642435,943664,0,0,23718,70010,418392,442458,0,201128,0,0,860343,5437,0,106358,0,0,0,0,0,139203,0,16250,92364608,977033,0,0,0,0,0,0,105155,0,3864220,92075,0,0,595304,0,0,0,6574,21947,0,196939,69038,whole organism,Nitrogen limiting,0.07,Internal/Endometabolome
12_1,6136776,5043916,2703235,0,0,0,4322161,44685709,0,18711446,4206234,0,1279946,0,2141309,0,2620461,134544,3289370,0,1192556,602408,0,1225112,0,0,0,321920,7064344,0,0,2660923,38186,0,0,0,0,0,0,434578,3283157,12639129,22093805,2698233,0,0,0,0,690155,0,598861,0,0,12839980,0,0,0,0,1024831,8958328,0,0,0,0,0,1545621,0,0,1731374,2530651,0,0,1947645,780447,0,0,0,0,0,0,0,0,0,0,0,0,0,0,0,0,115536526,0,0,10305937,0,0,0,0,1382748,115358124,0,57938,0,400242,0,781363,0,655721,0,412852,0,0,1563605,1563605,923289,0,542930,542930,0,2996345,4033922,209039,0,9553553,0,108316,10125188,0,0,0,2428740,0,137582,410525,430798,0,0,1064638,36577,0,0,209499,983278,183713,183713,183713,0,0,194647,0,0,503361,0,0,320952,313548,0,0,41621,0,0,0,336480,393054,12028414,0,49165,0,0,0,90973,0,2033461,429741,0,0,550837,0,0,44535,55368,0,0,2870080,0,914944,0,0,0,935746,0,8852392,0,27209,13183,0,3404889,0,0,0,0,0,142867,7404603,0,0,1385803,0,0,0,0,0,125521,0,8015493,0,931164,483554,0,0,334674,0,0,186191,0,1403780,0,3170672,0,0,0,0,87910502,0,3754915,71470,0,0,0,190686,0,62237,0,1665526,0,896565,0,0,3921905,533694,1608351,550426,66796,0,1357689,471487,1018326,0,0,4488271,0,27609,0,75853,0,0,135985,95265,75659,0,0,801974,0,33960,0,0,0,0,0,0,0,0,315981,49379,0,0,0,0,0,0,1599563,315180,0,40466,261686,634565,32015,148666,843907,0,230732,32977,0,120687,0,72171,0,0,0,0,0,330648,0,14657,181417,0,0,0,2342429,0,0,539624,794213,607347,607347,971066,0,170624,0,0,0,0,185535,0,0,0,2204412,998924,158145,0,0,90052,386183,218594,0,126419,81944,0,1050672,4452,349390,118979,0,0,254638,5906,0,142572,0,0,90581715,153857,0,0,0,294132,0,0,142844,0,4377543,94580,0,0,610042,115709,0,0,10177,19719,294190,202391,84576,whole organism,Nitrogen limiting,0.07,Internal/Endometabolome
13_1,13269722,18619392,2328123,6064328,6137927,0,0,56310639,0,18150075,2271567,1989900,0,0,0,0,2457472,0,2922466,0,0,524141,0,1191745,0,0,153342,0,6638702,0,0,2396715,813412,0,0,0,0,0,0,0,3005491,11646216,23773159,2413960,0,0,0,0,634322,0,7409655,153976,0,11500399,0,0,0,0,0,14041472,2195301,0,513548,0,0,1584543,0,0,1677245,2598433,0,5471962,5471962,710078,83736,575385,105455,0,0,0,168491,272296,0,0,365528,0,0,38408,1673723,51520,170042581,0,0,24895777,0,481298,49996,0,2398718,66758865,0,323263,0,894511,0,6964075,0,1943796,0,385686,0,661998,661998,661998,2815882,0,981728,981728,23258195,1444741,1081569,187430,0,9034117,0,0,10996363,428652,0,0,2674298,0,229730,0,371221,0,0,990851,31333,0,0,271861,893356,0,98045,98045,0,0,194464,0,201059,183555,996423,0,266589,544579,0,0,0,0,0,0,0,0,15145754,0,0,0,0,0,131986,0,7646087,479692,0,0,640059,0,0,134361,0,0,0,3906854,2713150,774424,0,0,0,1962199,0,1018882,299548,0,0,0,0,15411782,0,44061,48627,0,25896,2952815,0,0,354235,0,225284,245129,0,75323,463501,0,13410235,544026,1373659,878312,0,2699404,42966,0,152459,0,704878,2149275,757687,9201010,704878,129262,0,0,38672266,0,3297972,11627,0,73559,26194,0,0,75457,0,240203,0,535570,0,0,111291,0,32954,866981,58134,0,1066541,510788,2220965,0,0,3676706,0,0,960496,0,0,0,277581,182981,45047,0,0,589459,0,4456989,0,0,0,0,0,0,0,0,6380454,235424,1763194,0,0,706497,0,0,1636348,0,40983,43996,268619,249849,0,84968,843166,0,158334,8881,0,0,0,87578,0,75096,0,26640,0,0,0,21034,0,0,0,0,1529815,0,1136575,563109,493058,330252,330252,409210,0,12720,0,0,0,0,73346,0,0,0,0,360998,145871,84163,0,54394,229459,248704,0,113665,0,0,874184,88176,217225,71165,0,0,0,0,11094,211086,0,0,18112152,236971,0,0,0,0,0,0,62350,0,1297164,114918,0,0,789110,139278,0,0,0,0,658654,132573,92219,whole organism,Nitrogen limiting,0.1,Internal/Endometabolome
14_1,13183558,0,0,0,7606663,0,0,52874279,0,17437442,2934528,2071178,1127309,0,0,0,2494134,0,3267995,460596,1136932,596588,890051,1739797,0,0,0,0,7318977,0,0,2605621,195603,0,0,0,0,0,0,0,3236640,12532750,21567945,2650930,0,0,0,0,578567,0,0,0,0,15129408,0,0,0,73598,0,9299686,1436762,0,546919,0,0,0,95951,0,1790773,3702802,0,5701884,5701884,775850,0,597255,0,0,0,0,0,0,0,29159,410379,0,0,37728,0,0,174263119,0,0,25829092,0,0,0,0,3224740,70115820,0,356922,0,1197387,0,7673139,0,1410630,0,410954,0,626002,0,0,2197040,0,892124,892124,26068734,4783228,1135771,105429,0,10895792,0,395913,15133887,0,0,0,3725557,0,164212,456519,497478,237164,0,931021,25069,5873,438204,330050,992547,99503,99503,99503,0,0,0,0,165556,192080,1007560,0,371993,539035,0,0,0,0,0,0,299938,0,11445699,0,234456,0,0,0,91367,0,5732997,351194,0,0,660011,0,0,77831,0,0,55195,3934583,2361466,1194550,0,636136,0,1817765,0,876746,293385,0,6694,0,0,0,0,8637,0,0,0,3965649,0,0,328332,0,0,194678,0,0,428726,0,17671431,579086,0,919007,610534,0,1455748,0,168695,63142,0,1456250,0,7501600,706505,0,0,0,38002401,0,2268571,8042,1025120,0,0,0,0,66062,0,0,0,495716,0,5388,9694829,0,0,777488,46980,0,89469,465651,1904349,0,0,3534605,0,0,985529,499964,0,0,191125,183633,0,0,0,532208,142570,3309950,0,0,0,0,0,0,0,2869,6653911,206460,1571057,0,0,604418,0,0,1505361,0,0,47748,280749,239232,0,85579,776984,0,189577,8413,0,0,0,0,0,42016,0,24471,0,0,0,17589,0,0,0,0,1499559,0,93564,443750,545829,0,0,412253,0,57760,0,4292,0,0,57237,0,0,0,2918748,334142,137805,93766,0,42678,194431,228278,0,128480,0,0,643020,57097,146227,50633,0,0,0,0,29000,147749,0,0,15691732,194670,0,0,0,123407,0,0,73472,0,1060191,79294,0,0,585092,794819,0,0,15799,23174,206165,106528,74321,whole organism,Nitrogen limiting,0.1,Internal/Endometabolome
15_1,15449252,0,186930,0,7195808,26653901,3938984,54244424,0,16415470,3666182,1911608,1100635,0,2058388,0,2311746,0,2958369,0,1045994,557344,0,1888330,0,0,0,0,6693402,0,0,2406961,303359,0,0,0,0,0,0,0,2986471,11506351,17795912,2395285,0,0,0,0,629659,0,0,201307,0,12507682,0,0,0,0,892291,12668517,0,0,572914,0,0,0,0,0,1492344,2847180,0,6585295,6585295,703032,0,642522,0,0,0,0,150533,0,0,0,305619,0,0,47295,1878445,36728,183370361,0,0,25611930,0,387983,0,0,3546871,71956796,0,388965,0,1285155,0,7068881,0,1731862,0,369505,0,719829,0,0,2473471,0,924537,924537,24442509,4893212,0,65720,0,9424904,0,259926,10686661,0,0,0,2604890,0,188795,0,394762,283940,0,891755,0,0,0,273916,913254,108600,0,108600,0,0,201029,0,156550,202197,0,0,388458,667421,0,0,92820,0,0,0,0,107753,13937840,0,200972,0,0,0,93527,0,6877000,353538,0,0,723005,0,0,91670,0,0,0,4377931,3070789,1153241,0,1234169,0,2222190,0,2415129,260503,0,0,0,2879355,17310205,0,0,0,0,0,6101987,0,0,413345,0,0,226021,0,0,401919,0,16292346,0,1299220,820095,12669,0,1600509,0,60079,0,701026,1816225,895662,10475086,701026,137810,0,0,0,0,3048097,12374,0,0,0,51836,0,0,0,318601,0,561946,0,0,10015230,0,1146164,674784,57431,0,1132447,534768,2035333,49931,0,3972260,0,0,783003,572207,0,0,226824,184712,45224,0,0,609469,152522,3370155,0,0,0,0,0,0,0,3575,9342049,213520,0,0,0,719946,32932,0,376155,0,0,49626,276013,270337,0,123202,888474,0,188512,12761,0,75802,0,54204,0,0,0,27689,0,0,0,0,0,0,0,0,2036734,0,0,472786,0,0,0,0,0,73725,0,0,0,0,73573,0,0,0,3278718,352204,138825,0,48835,49650,211107,277694,0,94789,0,0,751556,76222,176109,59698,0,0,0,0,0,166082,0,0,18385978,228469,0,0,0,113178,0,21850,70087,0,1203441,99428,0,0,683199,0,0,0,0,24754,144139,117506,73441,whole organism,Nitrogen limiting,0.1,Internal/Endometabolome
16_1,14793367,0,2454520,0,7365998,0,4164323,66612496,0,17603884,3586401,1938496,1372468,0,0,0,2408054,0,0,0,1053088,535540,0,1012885,0,0,0,0,6587997,0,0,2423834,0,0,723672,0,0,0,0,0,0,0,0,2428789,0,0,83913,0,682356,0,2226770,0,82880,10616225,0,0,0,0,0,0,0,0,285340,0,0,2455345,0,0,1475354,2173179,0,3484288,3484288,706104,0,342806,0,0,0,0,0,0,0,0,214005,0,0,0,1221428,40258,179922681,0,0,6474606,0,506463,99484,0,0,80493189,0,228665,87223,549823,0,2459091,0,944025,0,381032,0,489881,489881,489881,1503389,0,1193803,1193803,23924817,9495487,198054,149102,0,9032076,0,227815,8168249,0,0,0,2004467,0,730788,0,301949,289762,0,823664,0,0,0,190717,893590,61748,0,61748,0,0,195681,0,298494,130599,275553,0,162009,609290,0,0,0,0,0,0,265740,0,7638389,0,0,0,0,0,186478,0,6898277,463600,0,0,517460,182074,0,117896,0,1251729,0,1064898,0,0,0,0,0,3850177,0,606121,269440,0,0,0,2551639,0,0,12121,0,0,0,5690548,0,0,0,0,0,194801,0,74413,121026,0,24473773,701846,2396145,1508629,0,0,0,8385,152776,0,0,6116921,1330607,11194644,1037349,0,0,0,8274633,0,0,25050,6470828,726098,29010,121120,0,31483,0,0,0,0,0,0,7781144,0,1548499,1624533,118705,0,593996,218408,6435691,0,0,2570528,0,0,677069,785161,0,0,678954,194305,108245,0,0,198900,224037,3413093,0,0,0,0,0,0,0,0,12053044,204252,0,0,0,213903,0,0,1581555,0,0,73232,294206,131395,0,142895,911220,0,45552,12891,0,90207,0,149929,0,0,0,66409,0,0,0,38450,0,0,0,0,2891223,0,0,0,736735,0,0,0,0,128125,0,0,0,0,249681,0,0,0,11456,290152,155042,0,0,0,107439,357003,0,50538,80177,0,571025,122955,132509,73650,0,0,0,4513,0,239840,0,0,5117609,138080,0,0,0,85647,0,0,76530,0,1638373,159149,0,0,1163548,658426,0,0,138299,69087,202971,156746,89512,whole organism,Nitrogen limiting,0.2,Internal/Endometabolome
17_1,14818068,6067935,1941879,6596727,3164005,1029096,1537337,67507849,0,17790387,1725683,1880981,1220497,0,1966089,0,2299146,0,2807588,0,0,518583,0,944826,0,0,154144,0,6314666,0,0,2323059,0,0,0,0,0,367099,0,0,976403,11207931,17064657,2283798,0,0,0,0,675921,0,2155879,139409,81284,10794842,0,0,0,0,0,0,0,0,265015,0,0,2526724,0,0,1320061,2207995,0,3386711,3386711,666105,88264,0,0,0,0,0,127077,0,0,0,0,0,0,67781,1316349,40457,179189357,0,0,6359042,0,618086,107106,0,1168819,82018036,0,216319,0,505569,0,2427830,0,950834,0,359408,0,470110,0,470110,0,0,812963,812963,2143008,9594217,0,140318,0,8722260,0,233809,8888395,0,0,0,2196581,0,725510,0,317204,0,0,0,0,229333,0,0,834617,59814,0,59814,0,0,0,0,324005,125504,309432,0,153246,599451,0,0,0,0,0,0,0,0,7488405,0,122077,0,0,0,0,0,6952485,446597,0,0,506143,176640,0,129570,0,2020745,0,0,0,866550,0,0,0,2585478,0,588073,305661,0,0,0,0,10458001,0,26313,40029,0,0,1397888,0,0,0,0,0,191369,0,73991,135438,0,24286604,705692,0,1734502,5358,0,0,0,153782,50753,0,6712189,1265488,0,0,0,0,1697935,8253260,0,0,29808,7236024,0,0,0,0,0,0,247957,0,0,0,0,7530555,1579240,86021,1958017,118834,0,583995,213339,6425250,0,0,2518271,0,0,711391,0,0,0,684749,186964,109915,0,0,216342,91190,4142605,0,0,0,0,0,0,0,0,8836915,208736,1643291,0,0,219645,0,0,1570992,403834,0,75893,297924,125916,0,69994,809918,0,79347,9079,0,81430,0,103806,0,46412,0,113937,0,0,0,37450,0,37018,37018,0,2388482,0,0,537160,420809,0,0,0,0,137490,0,0,0,0,279026,0,43597,0,9015,285023,137460,0,0,247965,108663,348357,0,57592,0,0,577670,151381,145399,76615,0,0,0,0,0,236229,0,0,5117373,0,0,0,0,87051,0,25834,49525,0,1690226,153041,0,0,1180916,1292541,0,0,150303,83075,190989,147724,98026,whole organism,Nitrogen limiting,0.2,Internal/Endometabolome
18_1,16441289,0,121066,6065900,8060885,0,4234381,0,0,18333406,2091750,1967752,1085101,0,2048631,0,2398824,0,3031667,436103,0,0,0,1352803,0,0,0,0,7012224,0,0,2485415,0,0,0,0,0,0,0,0,3236798,12228558,15806347,2530577,0,0,0,0,730456,0,2135681,339904,0,11687805,0,0,0,90341,1037836,12668007,0,0,324339,0,0,2767046,288321,0,1274870,2170866,0,3493528,3493528,747309,0,358301,0,0,0,0,0,0,0,0,0,0,0,0,1491298,32972,191010552,0,0,6800821,0,0,118826,0,0,24777950,1603108,13905,0,587117,0,2619732,0,1060320,0,402213,0,512204,0,512204,1654608,0,1151553,1151553,25694401,10734860,0,0,0,9734305,0,236341,8070957,0,0,0,1980681,0,743359,0,313731,16918,0,780789,0,0,0,206129,949300,0,0,71473,0,0,0,0,316067,144046,284976,0,192214,658059,0,0,0,0,0,0,262089,0,7961964,0,131434,0,0,0,184924,0,6977961,499527,0,0,563336,223405,0,123328,0,1260216,0,1115889,0,1182473,0,0,0,3812904,0,791256,277822,0,0,0,0,11705732,0,25109,0,0,0,2313590,0,0,0,1912830,0,200565,0,0,0,0,797305,673800,0,1495558,1042644,0,902736,11174,166391,0,0,6321856,1437924,12446204,1252237,211159,0,0,9110602,0,0,0,7301799,515737,48654,138955,0,36914,0,0,0,171234,0,0,8246237,1761053,1702311,1590130,125488,0,630256,0,6987065,0,0,2734509,0,0,708514,758297,0,0,712763,207770,110544,0,0,217874,211532,4133764,0,0,0,0,0,0,0,0,10357047,205610,1616971,0,0,207997,0,0,1592431,0,0,82504,0,1592431,0,82592,0,0,0,15151,0,99344,0,137089,0,43721,0,151228,0,0,0,37642,0,39607,0,0,2679272,0,0,462517,0,0,0,0,0,562184,0,6806,0,0,275814,0,0,0,3563258,303528,135203,69561,0,236421,112906,297765,0,45790,0,0,565353,152914,150269,0,0,0,0,0,0,238510,0,0,5446291,144985,0,0,0,102506,0,28248,58968,0,1761243,163720,0,0,1173588,338330,0,0,160177,89686,155483,150115,102655,whole organism,Nitrogen limiting,0.2,Internal/Endometabolome
19_1,,,,,,,,,,,,,,,,,,,,,,,,,,,,,,,,,,,,,,,,,,,,,,,,,,,,,,,,,,,,,,,,,,,,,,,,,,,,,,,,,,,,,,,,,,,,,,,,,,,,,,,,,,,,,,,,,,,,,,,,,,,,,,,,,,,,,,,,,,,,,,,,,,,,,,,,,,,,,,,,,,,,,,,,,,,,,,,,,,,,,,,,,,,,,,,,,,,,,,,,,,,,,,,,,,,,,,,,,,,,,,,,,,,,,,,,,,,,,,,,,,,,,,,,,,,,,,,,,,,,,,,,,,,,,,,,,,,,,,,,,,,,,,,,,,,,,,,,,,,,,,,,,,,,,,,,,,,,,,,,,,,,,,,,,,,,,,,,,,,,,,,,,,,,,,,,,,,,,,,,,,,,,,,,,,,,,,,,,,,,,,,,whole organism,Phosphate limiting,0.07,Internal/Endometabolome
19_2,,,,,,,,,,,,,,,,,,,,,,,,,,,,,,,,,,,,,,,,,,,,,,,,,,,,,,,,,,,,,,,,,,,,,,,,,,,,,,,,,,,,,,,,,,,,,,,,,,,,,,,,,,,,,,,,,,,,,,,,,,,,,,,,,,,,,,,,,,,,,,,,,,,,,,,,,,,,,,,,,,,,,,,,,,,,,,,,,,,,,,,,,,,,,,,,,,,,,,,,,,,,,,,,,,,,,,,,,,,,,,,,,,,,,,,,,,,,,,,,,,,,,,,,,,,,,,,,,,,,,,,,,,,,,,,,,,,,,,,,,,,,,,,,,,,,,,,,,,,,,,,,,,,,,,,,,,,,,,,,,,,,,,,,,,,,,,,,,,,,,,,,,,,,,,,,,,,,,,,,,,,,,,,,,,,,,,,,,,,,,,,,whole organism,Phosphate limiting,0.07,Internal/Endometabolome
19_3,,,,,,,,,,,,,,,,,,,,,,,,,,,,,,,,,,,,,,,,,,,,,,,,,,,,,,,,,,,,,,,,,,,,,,,,,,,,,,,,,,,,,,,,,,,,,,,,,,,,,,,,,,,,,,,,,,,,,,,,,,,,,,,,,,,,,,,,,,,,,,,,,,,,,,,,,,,,,,,,,,,,,,,,,,,,,,,,,,,,,,,,,,,,,,,,,,,,,,,,,,,,,,,,,,,,,,,,,,,,,,,,,,,,,,,,,,,,,,,,,,,,,,,,,,,,,,,,,,,,,,,,,,,,,,,,,,,,,,,,,,,,,,,,,,,,,,,,,,,,,,,,,,,,,,,,,,,,,,,,,,,,,,,,,,,,,,,,,,,,,,,,,,,,,,,,,,,,,,,,,,,,,,,,,,,,,,,,,,,,,,,,whole organism,Phosphate limiting,0.07,Internal/Endometabolome
20_1,8377023,117435,0,0,7500655,0,3465902,98827768,1876755,19098529,0,1876755,930023,0,0,0,0,0,2796317,0,886233,597752,0,0,0,374469,0,0,7122585,0,0,2351322,0,0,0,0,0,0,0,0,2620776,10709503,28406262,2212767,0,0,0,0,455362,0,133044238,191189,78861,9995333,0,0,0,0,788891,16785580,9108235,0,2730647,0,0,1242813,199601,0,1661388,2659888,0,23685913,23685913,646064,170837,0,46850,0,0,0,309383,0,0,0,435166,0,0,0,1252929,82361,103594842,0,2781457,0,0,0,0,0,0,65641709,0,22152,0,3368463,0,15541434,0,0,0,347389,0,0,0,0,2273084,0,1005316,1005316,24592991,0,1452679,923186,0,6821297,86510,0,5111240,0,123212,0,1250046,0,0,0,290580,197397,0,3096386,0,0,2647014,0,871329,61720,0,61720,0,0,79439,0,0,432328,4071675,0,916910,1097743,0,0,0,0,0,0,0,0,19616436,0,0,0,0,0,402357,0,13901363,267710,0,0,1316862,0,219172,131685,0,0,0,0,0,1108889,0,13031970,0,2679564,0,14957530,22613,0,0,0,0,21677028,0,38348,0,0,0,0,0,0,1174364,0,0,171249,0,0,0,0,18636946,165119,2030940,0,3260,935414,0,0,64898,130065,0,4258,1025567,4373139,4403,0,0,0,72954957,0,4759600,16074,0,0,0,0,0,105862,0,230853,0,1212349,0,0,1444025,897003,1714584,338433,50613,0,4575113,561161,389230,0,0,8750941,0,0,0,597836,0,0,12028,18514,77352,0,0,976916,0,0,0,0,0,0,0,0,0,0,6845200,106051,913552,0,0,1924004,0,0,2148789,0,0,53577,440372,570675,0,65415,721536,0,0,0,0,107001,0,61148,0,0,0,0,0,0,0,20000,0,0,0,0,1573465,0,956704,822265,436002,0,0,342515,0,208355,0,22237,0,0,176182,0,0,0,938624,294876,59668,0,0,103588,148457,33047,0,11272,38881,0,85357,0,0,0,0,0,0,25874,0,212800,0,0,99966647,0,0,0,3296,0,0,134747,64432,0,7085956,147108,0,0,957635,0,0,0,0,0,0,107116,0,whole organism,Phosphate limiting,0.07,Internal/Endometabolome
21_1,9245991,0,0,0,4323287,43829933,2424475,saturated( 105443336 ),1497485,0,0,1497485,767773,0,0,0,1644128,0,2221289,0,0,572530,0,186530,0,369219,0,254452,5970025,0,0,1759195,0,0,0,0,0,0,0,0,2007137,8259098,18624776,1732132,0,0,0,0,973359,0,125741303,206892,57034,9097790,0,0,0,0,645839,15338290,8309486,0,2999823,0,0,1643651,186276,0,1933720,3802572,0,31611294,31611294,513102,0,1057668,0,0,0,0,0,0,0,0,503208,0,0,0,2041209,0,107136262,0,2997859,0,0,0,0,0,0,77645204,0,15495,0,4559061,0,0,0,0,0,273064,0,0,1075325,1075325,2981246,0,1088666,1088666,20108918,0,1519064,911453,0,5486598,0,0,8926329,0,0,0,2188579,791995,60799,0,583878,394321,0,0,0,0,5067980,0,703879,63989,0,63989,0,0,76326,0,0,614646,8168232,0,1057353,1172355,0,0,389644,0,0,0,0,0,28179475,0,0,0,0,0,386188,0,19743265,276523,0,0,1396434,501896,0,188533,140513,0,44430,7720291,1220387,1664820,0,22997737,0,3015178,0,37418243,0,0,0,0,0,19239847,0,0,0,0,24765,1476909,0,0,1162717,0,444296,0,0,0,0,0,21661246,387275,0,98786,55705,0,0,0,81990,0,1873939,1692220,0,5260221,1873939,246801,0,0,78075343,0,1104713,485279,5913054,9534,50427,0,0,127126,0,281912,0,1240394,0,0,2528250,1322294,2065324,457834,53605,0,5395060,517638,478151,0,0,10030284,0,128963,0,0,19856,0,521879,39568,40874,0,0,1176616,169855,0,0,0,0,0,0,0,0,0,8669055,152064,1184679,0,0,5324191,0,0,3133994,0,0,81714,411565,767026,34729,83297,790557,0,193420,214099,0,133926,0,23286,0,45861,0,0,0,0,0,0,378747,0,0,0,2684647,0,0,888212,652566,743840,0,0,0,47132,0,0,0,0,215577,0,0,0,5663582,587139,151498,0,0,128230,249306,551684,0,0,0,0,695033,24275,0,74329,0,0,0,8445,0,323001,0,13075,110156035,56125,0,0,0,157692,0,1133,97773,0,8506988,344343,0,0,2496522,221041,0,0,0,22296,107187,373891,0,whole organism,Phosphate limiting,0.07,Internal/Endometabolome
22_1,15374633,0,0,0,8093394,4383600,3135605,89084580,0,19102277,0,1916629,1160583,0,1753926,0,0,0,2914596,0,568152,459817,0,0,0,0,0,0,7114911,0,0,2421521,779938,0,0,0,0,0,0,0,2562987,10774014,0,2259447,0,0,0,0,0,0,76932908,0,0,8194915,0,0,0,0,0,30015500,10770843,0,1686296,0,0,2419230,80012,0,2497147,2939042,0,18929708,18929708,0,0,1348837,0,0,0,0,409350,0,0,0,867883,0,0,1210332,0,177013,31965005,0,3094807,49993101,0,0,70161,0,12455773,109078604,2064199,21453,218193,5067665,0,889948,0,3701741,0,366239,0,1168476,1168476,1168476,1674769,0,0,1683978,23720317,6820338,1411255,0,0,6794268,0,0,9128403,983343,0,0,2216430,0,415333,0,603835,1189851,0,2921333,0,0,2445696,176791,920633,216823,0,216823,0,0,173728,0,0,605005,3503398,0,0,1556883,0,0,548114,0,0,0,0,0,42939933,0,0,0,0,0,340519,0,20471477,296026,382257,0,2227224,1009304,0,270005,0,0,0,14001653,0,0,0,0,0,5663228,0,58025880,0,0,6046,0,0,25974014,0,105320,0,0,0,2509000,0,0,857256,27646902,0,491392,0,0,767077,0,0,648734,2299694,189267,109386,0,12830737,0,203817,0,1578592,3509749,1603799,11319673,1578592,305220,0,0,97004607,0,9981090,1656278,6592437,13076,1826768,125370,0,136779,0,2329512,0,1500740,0,0,0,2691879,3306258,1100892,139020,0,9379987,715558,2344577,0,0,13994779,0,0,0,0,0,319657,850826,68715,0,0,0,1362342,350580,0,0,0,0,0,0,19763,0,10214,13090468,239332,1722991,0,23953,4513274,0,0,3859321,0,0,115388,365198,782080,62807,109374,739815,174537,12307,289164,0,116364,0,93494,0,0,0,0,0,256607,46182,39319,353773,13300,13300,0,3321547,0,0,843993,718324,765401,765401,0,0,523843,0,54151,0,0,505981,0,76688,0,3603579,748589,214687,0,0,548030,0,1567387,0,0,0,0,882654,91099,0,192671,0,0,0,0,0,308671,0,11599,26106955,764479,0,0,0,183368,0,143720,53735,0,7472075,206349,0,0,1164118,0,0,0,62137,39503,346016,799035,0,whole organism,Phosphate limiting,0.1,Internal/Endometabolome
23_1,13679796,0,0,7164293,2125004,42451019,3563068,saturated( 115988094 ),0,0,3431551,1838199,1003154,0,1768834,0,2667547,0,2754005,0,853622,0,0,1363661,0,540395,0,0,6581491,0,0,2218936,162294,0,515516,0,0,389290,0,389290,756410,2967462,16086425,2164830,0,0,0,0,0,0,103817371,0,78481,7207543,0,0,0,0,849528,16640782,6456402,0,1849312,0,0,1600222,0,0,1488002,2990066,0,16999902,16999902,633000,42848,0,47163,0,0,0,433960,0,0,0,1223868,0,0,0,4997338,235546,24244630,0,3428426,53426756,0,0,0,33628,10148283,100760699,7761876,764006,0,4115592,0,4401605,0,4750010,0,345983,0,1077103,1077103,1077103,8041395,0,1595744,1595744,23119496,6251663,1319737,0,0,6063020,0,0,3594424,916393,0,0,877350,0,0,0,259870,1663678,0,2703774,0,0,1690857,88917,868054,193150,0,193150,0,0,177787,0,0,565029,3785070,0,975122,1374492,0,0,1132650,0,0,0,0,0,61048658,0,0,0,0,0,386755,0,32651181,286608,0,0,2111452,1492055,0,405666,0,3905334,6457,13287880,5544691,0,0,24010504,0,6027136,0,76442545,0,0,8455,0,0,28871534,0,123700,277481,0,0,0,0,0,710710,0,813837,559572,0,0,0,0,0,169178,0,264500,165201,0,6449658,0,219655,808929,1705018,9405770,1727616,9979122,1705018,361861,0,0,82530330,0,9225555,4617578,7679707,0,0,107681,0,181201,0,0,1880028,1880028,22990,0,4659353,2712275,774899,816179,152796,0,8609950,707416,2319874,0,0,12767583,0,286083,0,0,0,344431,1259325,0,0,0,0,1446948,0,0,0,0,0,0,0,158764,0,5361,13880335,0,1265631,0,0,4158057,182455,0,3931991,0,0,127939,385727,846486,67287,127096,717159,0,0,334319,0,120473,0,0,0,159146,0,0,0,354904,111158,38545,405096,77860,0,0,3385810,0,0,897643,795981,1048135,0,539868,0,414029,0,122376,0,0,332556,0,0,0,4066130,731691,245048,0,0,132438,248561,1058255,0,0,82314,0,1214161,175823,0,139920,0,0,0,0,61839,362957,0,0,29967066,763432,0,0,0,159166,0,0,55106,0,35570,266753,0,0,1253988,1749617,0,0,0,43642,0,697418,21747,whole organism,Phosphate limiting,0.1,Internal/Endometabolome
24_1,13642356,14544692,0,5374210,4612806,0,0,0,0,16420709,4846535,1696645,975660,0,1690016,0,2574780,0,2535893,0,765339,0,0,1305766,0,0,0,0,6237961,0,0,2027927,0,0,0,0,0,343181,0,0,2458896,9626117,17029363,1990482,0,0,0,0,0,0,109612087,190627,23394,7425812,0,0,0,0,0,16525615,6309862,0,1840074,0,0,0,0,0,1847992,3172476,0,21194080,0,0,0,1423240,0,0,0,0,437616,0,0,0,1335457,0,0,1274620,6837662,230478,151947794,0,3376844,0,0,0,65379,36255,10606328,114866964,10684881,5540,0,3925406,0,3973937,0,5679500,0,312362,0,0,0,0,9407415,0,1942859,1942859,21489195,6167961,1332383,1343171,0,5377714,0,0,3292334,976220,0,0,811654,0,0,284923,236357,0,0,2361171,0,0,978510,11822,780046,201234,14092,201234,0,0,0,0,0,0,2157226,0,849192,0,0,0,0,0,0,0,0,0,8923499,0,0,0,0,0,0,0,36297146,272636,1143520,0,2179038,1757721,0,455761,0,7499721,0,13654032,2422432,1410150,0,0,0,0,0,85654970,0,0,16549,0,0,22404246,0,50660,0,0,0,3705740,0,0,636422,0,886218,543888,0,0,348325,1305633,18140169,0,2149384,265684,163276,0,0,0,275248,957339,0,9608907,1409270,9387359,0,403565,0,0,92333811,0,8706503,9428131,9940096,128893,3858628,169289,0,0,0,0,0,1963039,0,0,2654011,3339215,3419790,710420,49867,0,10081658,698249,2042578,0,0,14017730,0,0,0,0,65747,343438,1351642,90804,0,0,0,1494373,123772,0,0,0,0,0,0,180746,0,0,15219455,217762,1782884,0,0,0,0,0,1051043,1334518,0,159816,410195,898145,62698,153031,685027,242443,0,440133,0,113597,0,44550,0,79650,0,28074,0,368473,0,39285,485741,105049,105049,0,3694271,0,0,939562,0,1135542,0,0,0,676987,0,144197,0,0,653687,0,0,0,4906861,903312,0,0,518646,642639,257614,865600,0,0,0,0,1510725,252826,781260,294454,0,0,0,15898,81448,11099,0,17120,30928901,0,0,0,0,190561,0,0,81968,0,8115284,217124,0,0,0,6017659,0,0,173935,0,324527,794196,64922,whole organism,Phosphate limiting,0.1,Internal/Endometabolome
25_1,13439435,17055583,0,5827384,5678294,0,921603,saturated( 109683182 ),0,18025646,2463568,1808784,981000,0,1769592,0,2532677,0,2674008,340408,0,531039,0,1226591,0,0,496398,496398,6076955,0,0,2133531,0,0,524023,0,0,346273,0,0,938746,0,10657852,2098973,0,0,0,0,1722915,0,18397836,159080,72164,8196253,0,0,0,0,828282,18820817,2631645,0,544796,0,0,0,0,0,1627155,3901334,0,6421952,0,619132,404499,0,110007,0,0,0,409888,0,0,0,391409,0,0,2466750,1820247,262955,162600210,0,0,0,0,1969606,480020,0,4470578,132358499,2700474,368395,34207,1154033,0,965455,0,2515994,0,326452,0,0,0,550144,2966284,0,2243060,2243060,21875510,3643825,476549,769987,0,5919011,0,15952,3811226,1145071,0,0,938943,0,1614905,264222,279360,773969,0,0,0,0,0,82228,814979,153893,153893,153893,0,0,167690,0,0,148950,475426,0,0,726856,0,0,0,0,0,0,0,0,13545646,0,51760,0,0,0,208228,0,12782043,279868,0,0,1355991,1416702,0,285278,0,4491475,0,1756012,11040715,1585580,0,7914807,0,13139128,0,29265582,0,0,9556,0,0,14172675,0,0,129883,0,0,1441794,0,0,0,0,0,0,0,0,0,0,22153405,864703,1912182,254015,161304,0,3676580,529,195766,0,0,15577035,0,0,63539,0,0,0,43855796,0,0,2744164,0,0,0,225173,0,29065,0,529913,0,31795,0,381327,2780391,5396964,583528,1602056,0,0,2605922,193179,6003735,0,0,5310512,0,0,0,2284825,0,0,1529656,105526,246131,0,0,381509,792228,296352,0,0,0,0,0,0,17459,0,18492745,0,1012404,0,280825,0,0,0,124581,0,7526,246619,461639,1565392,0,150644,688057,0,60903,20252,0,217861,0,298520,0,79918,0,491976,11837,157015,32639,64360,0,61009,0,0,4929720,0,2925542,908414,1014991,360630,0,103839,0,1200556,0,52197,0,0,1650816,0,0,0,8828396,1260571,253505,0,505409,1687880,83313,962950,0,0,137606,0,1850820,232000,23090,309387,0,0,0,3872,0,470618,0,0,0,448067,0,0,0,96467,0,0,0,0,3434719,0,0,0,2020679,6735109,0,0,1647243,424174,378814,424253,156845,whole organism,Phosphate limiting,0.2,Internal/Endometabolome
26_1,14419197,78064,0,0,7273280,38479305,3444990,109216642,1801913,18651243,0,1801913,901901,0,0,0,2023048,0,2627069,0,0,486091,0,2152338,0,0,0,0,6033213,0,0,2103055,0,0,0,0,0,0,0,0,2539180,10157263,11927108,2093749,0,0,0,0,1799409,0,0,180466,0,8518092,0,0,0,0,828034,26671587,3416689,0,565192,0,0,4135253,0,0,1810047,3864975,0,6810624,6810624,615920,405534,0,0,0,0,0,0,0,0,0,382875,0,0,2586349,1413697,225752,162921115,0,0,17514876,0,3095968,0,0,4858092,134807226,2178007,5861,38883,1256936,0,1122094,0,2369487,0,329509,0,0,0,596162,2922745,0,2349474,2349474,22103734,11359858,496117,593167,0,6150663,0,0,5568098,1205204,0,0,1378520,0,1738061,277792,389461,101445,0,1827650,0,0,300819,84496,817101,160505,0,160505,0,0,172838,0,0,156444,586661,0,0,0,0,0,449054,0,0,0,0,0,14112111,0,0,0,0,0,216581,0,13345520,290391,619270,0,1404140,1456728,0,329506,0,0,0,1818090,0,1719491,0,7687420,0,13782288,0,28165969,0,0,14405,0,0,15378579,0,57290,148886,0,0,0,0,0,197567,0,0,324404,0,0,0,0,18889836,0,1853345,263284,171133,0,3645023,1016,236537,219905,0,12971343,1268416,8483294,805710,643154,0,0,44286000,0,0,1916524,18529590,0,0,233269,0,0,0,0,0,0,0,0,3169493,6081319,3114719,1955667,67698,0,2685057,0,6302345,0,0,5567911,0,73813,0,2016063,0,0,1580451,114548,226153,0,0,406755,0,369568,0,0,0,0,0,0,18341,0,18391393,144059,1160327,0,53721,0,0,0,1629826,998535,0,265731,510972,290335,0,136103,675014,0,74734,21561,0,79548,0,264944,0,90806,0,866503,0,0,0,0,0,0,0,0,4864214,0,3283571,902244,970762,356113,356113,0,0,1264168,0,50442,0,0,1727224,0,0,0,10120724,1367880,257643,0,0,1871752,96188,1428556,0,0,131546,0,1844874,269907,312382,333612,0,0,142033,20867,0,540148,0,20867,1303703,477045,0,0,0,0,0,59965,73487,0,3706275,343918,0,0,2094020,2184407,0,0,2131110,477455,0,469631,0,whole organism,Phosphate limiting,0.2,Internal/Endometabolome
27_1,19682297,15579180,0,0,7553799,0,922025,saturated( 115978560 ),0,19289028,2010112,1886381,991370,0,0,0,2179019,0,2716528,0,904190,538757,0,3981336,0,0,0,452254,6265141,0,0,2160818,26700,0,562964,0,0,356427,0,356427,0,0,13125169,2169854,0,0,0,0,2176750,0,14654439,248257,0,8898226,0,0,0,0,852078,40320071,3402770,104444,571857,0,0,3956886,38114,0,1793227,3703302,0,5958127,0,644565,378689,1013330,0,0,0,0,384953,0,0,0,332820,0,0,2417864,1803804,199035,saturated( 197402630 ),0,0,14145949,0,1289190,492581,0,4400516,0,0,292126,44988,0,0,1224191,0,2359970,0,343880,0,0,0,0,2969566,7745,0,1672159,22768308,11927778,477329,507719,0,6402411,0,13104,4726096,1211588,0,0,1177670,0,1688431,266772,333030,97266,0,1646357,142008,0,336200,135501,849198,153126,0,153126,0,0,179532,0,351249,159328,0,0,229476,732995,0,0,1213026,0,0,0,0,0,13708076,0,0,0,0,0,0,0,13014187,402635,0,0,1352599,1352398,0,301957,123551,5342554,224127,1628635,7014881,1724933,0,0,0,8787553,0,24678968,0,0,0,0,0,15455205,0,0,139729,0,0,759496,0,0,187350,0,717141,319726,0,0,0,0,0,0,0,393992,263183,0,0,0,265303,0,0,14351706,0,12767513,748522,0,0,0,43090991,0,0,0,19227341,0,0,242300,0,0,0,1005443,0,324359,0,0,3625156,6197598,3020729,1745765,0,0,2640735,0,6000213,0,0,5509305,0,0,409947,1965064,0,0,1550216,0,235695,0,0,397009,582535,821020,0,0,0,0,0,0,0,0,18265383,152511,0,0,288096,39343,0,0,286613,0,0,271628,543157,286613,0,145645,0,0,82498,17378,0,234193,0,243031,0,86152,0,1117758,0,0,0,68876,0,62374,0,0,5021564,0,4179444,920562,1007112,0,0,480220,0,1289635,0,61004,0,0,1755072,0,123059,0,13233774,0,279227,0,0,1992006,0,1698887,0,0,153007,0,2263199,514761,374338,328085,0,0,0,19848,0,610893,0,19848,1396419,520132,0,0,0,137020,0,0,82812,0,3770772,371690,0,0,2546194,0,0,0,2532271,531618,459907,352829,287394,whole organism,Phosphate limiting,0.2,Internal/Endometabolome
28_4,15390925,3853533,132181,6446506,7777257,0,0,116582537,0,16863686,6783094,0,1556602,0,0,957726,3388771,0,0,0,1493344,0,0,0,0,636365,0,0,9705968,0,0,3598694,0,0,896169,0,0,615812,0,615812,4320918,16366632,15564516,3614372,0,0,0,0,0,0,187273653,0,0,16258053,0,0,0,0,0,19530234,5194677,0,3338456,0,0,3467074,66507,0,2213143,3361495,0,34363249,34363249,0,346909,732553,0,0,0,0,209540,0,0,0,776014,0,0,742173,4133522,116064,61714832,0,0,38339458,0,2674732,259138,22609,8620746,99727957,0,1004336,0,3600675,0,18601274,0,0,0,628714,0,1430390,1430390,1430390,7936653,0,773563,773563,26200930,4341718,1907266,0,0,10948358,0,0,4800578,172109,0,0,1191643,0,204332,0,291345,0,0,4603471,190690,0,0,192973,0,0,0,0,0,0,253827,0,403646,546392,8104195,0,797948,950891,0,0,0,0,0,0,0,0,37318697,0,0,0,0,0,0,0,26727238,412465,0,0,1347782,505519,0,290881,700522,4457431,0,6070092,813844,1908051,0,9902416,0,1083942,0,25199056,0,0,12356,0,0,23287049,0,84618,0,0,0,1782996,0,0,2111651,0,508846,0,0,0,404091,0,30978062,363439,0,361580,234294,0,2594063,14048,0,0,2139629,3417786,932788,11084082,2139629,239313,0,0,50061690,0,13478670,1183704,13547034,0,0,86903,0,0,0,975523,0,1835051,85372,0,5981436,1601010,2494677,367407,15818,0,3119283,1156855,1231656,73566,0,11572896,0,112492,0,933683,0,0,879980,39241,280317,0,0,2014792,163751,401491,0,0,0,0,0,75071,0,0,0,0,0,0,26691,9784277,0,0,1159574,0,58429,59498,0,935442,105829,100390,725154,289681,302866,167854,0,0,0,0,0,1128964,0,16506,0,0,0,47307,544932,220529,0,0,1967125,0,0,674182,807444,0,0,823266,0,261351,0,0,0,0,244602,0,0,0,4849372,0,190136,254434,0,35232,540568,94578,0,83245,0,0,1194282,320852,0,196825,0,0,0,24553,94855,183461,0,0,4575898,403915,0,0,0,428424,0,0,199109,0,11504168,0,0,0,930322,0,0,0,254637,0,0,130223,0,whole organism,Sulphate limiting,0.07,Internal/Endometabolome
28_5,14955691,3689613,0,8342979,12857530,39015120,0,saturated( 131674391 ),0,18356664,7872572,0,1968800,0,2712262,0,3369468,0,4559171,0,2207242,0,0,0,0,650898,1105875,0,11409183,0,0,3735029,1056041,0,922764,0,0,0,0,0,4405371,16690371,15098830,3529309,0,0,0,0,0,0,131897350,263220,42807,15574296,0,0,0,0,1235967,22050950,6479029,0,3599583,0,0,3364536,0,0,2005510,2759702,0,23951963,23951963,1031921,245733,710560,0,0,0,0,0,0,0,0,451978,0,0,0,0,120265,140271104,0,2871407,0,0,0,0,0,13184234,99885545,708175,447057,0,5248035,0,18339478,0,0,0,592006,0,1143456,0,1143456,2735972,0,739638,739638,25692676,0,1763049,710512,0,10610392,0,24823,4434405,664267,0,0,1096902,1210996,0,0,271081,0,0,2334697,0,0,3218358,263261,1281942,0,54409,54409,0,0,154253,0,366555,504727,7256977,0,1201691,930917,0,0,871404,0,0,0,0,0,18217585,0,189625,0,0,0,400917,0,13325054,589549,0,0,1263966,0,0,0,395027,0,0,5916207,0,1794403,0,15481263,0,1039313,0,16768431,0,0,0,0,0,22806355,0,80116,85440,0,0,0,0,0,2032059,0,365932,348466,0,0,0,0,30978875,258631,0,0,8485,1178482,5237498,0,0,580573,1984662,3293406,922649,10808573,1984662,256185,0,0,49175386,0,13025321,609160,11145801,0,1052154,0,0,0,0,842213,0,1729236,0,0,5711088,1528619,2460533,361822,17283,0,3022796,1119274,1222866,74749,0,2993163,0,0,0,0,0,0,713830,126327,124638,0,0,1993022,157899,269952,0,0,0,0,0,0,0,0,8398279,0,1957283,0,30771,10526934,0,0,2732076,0,0,81461,209228,943127,104653,106411,0,0,303638,162774,0,195683,0,0,0,987482,0,0,0,385685,0,48060,531561,0,0,0,2014572,0,1981722,122352,0,0,0,814551,0,61776,0,0,0,0,273301,0,0,0,6302172,0,261105,0,302364,129354,550987,324679,0,82008,78254,0,1393374,289886,976404,248224,0,0,0,0,0,220377,0,13881,3072943,1171756,0,0,0,0,0,0,193356,0,11129194,0,0,0,981454,326037,0,0,330930,80973,226088,146442,0,whole organism,Sulphate limiting,0.07,Internal/Endometabolome
28_6,14354386,4627010,133829,6402892,7713169,61921817,4445556,111912997,0,16361881,6416422,0,1448554,0,0,0,3048961,0,3855463,0,1752470,0,0,0,0,573435,642055,0,9303297,0,0,3199506,0,0,0,0,0,0,0,0,3963628,14953579,13870564,3232033,0,0,0,0,0,0,177157461,0,36009,14804480,0,0,0,0,1151405,20056182,0,0,3234664,0,0,3231688,86186,0,1877150,3131060,0,32012998,0,977194,0,0,0,0,0,0,201691,0,0,0,783611,0,0,728225,0,161271,139432743,0,2899876,0,0,0,0,29259,10169871,100912851,4733491,996522,99265,4069391,0,18146766,0,1994320,0,0,57559,1142756,0,0,0,0,0,710738,25107161,0,1691500,0,0,10237747,0,0,4434741,0,0,0,1106795,0,226604,0,277944,1115728,0,3629348,206802,0,0,218070,1231061,0,0,0,0,0,235382,0,388096,504049,7267391,0,768004,877488,0,0,821643,0,0,0,120973,0,36506231,0,202380,0,0,0,0,0,25636610,0,0,0,0,523300,0,293740,723940,5407920,0,5662698,791503,1707571,0,0,0,997707,0,24464240,0,0,11706,0,0,22052589,26145,0,159261,0,0,2587819,0,0,1897126,0,510389,484595,0,0,381776,0,29464119,0,0,354199,229607,3047452,2840524,1244,123185,444265,2129274,3453321,856954,10044092,0,0,0,0,46809832,0,11501166,1184999,13784739,0,0,73008,0,0,0,727724,0,1622216,0,0,5289786,1284179,2059804,308440,19089,0,2664569,1084192,1225779,69715,0,10516231,0,0,19752,815043,0,0,799499,123397,201764,0,0,1684390,0,0,0,0,0,0,0,0,0,0,8024835,271361,1879384,0,0,8449755,40481,0,2183887,0,57792,0,0,820816,90734,98662,679731,0,275037,142666,0,160884,0,48912,0,1117853,0,0,0,0,0,0,0,200302,200302,0,1882928,0,0,0,711500,0,0,722366,0,237517,0,0,0,0,218628,0,0,0,7310740,815090,59400,355331,323954,117857,503177,448329,0,0,71469,0,1524054,337918,946863,232300,0,0,0,0,0,225121,0,6373,49016801,380410,0,0,0,395745,0,186906,180636,0,10048325,155442,0,0,861856,1191424,0,0,261296,87735,266323,132842,0,whole organism,Sulphate limiting,0.07,Internal/Endometabolome
29_2,13919394,0,0,0,9803707,0,0,114671981,0,17433625,1717656,2196260,1500766,0,2287828,0,2972728,0,4028861,0,1368373,0,0,0,0,0,289263,0,9212876,0,0,3386251,0,0,0,0,0,604897,0,0,3968724,15213212,18822983,3369255,0,0,0,0,1182418,0,182577695,0,110792,14289238,0,0,0,0,0,20523979,6111196,0,3250063,0,0,3113934,70758,0,1978835,3880736,0,31619070,31619070,997162,0,822407,0,0,0,0,312292,0,0,0,798603,0,0,0,4256675,129969,67624332,0,2924209,0,0,360436,193662,29796,9551095,99551581,0,957159,0,4034156,0,4374817,0,0,0,574680,0,988880,0,0,6268286,0,0,895753,24943714,0,1636543,971128,0,9947443,0,0,4155542,642514,0,0,1025404,754090,231728,0,266924,0,0,0,0,0,0,216928,1168446,0,47766,47766,0,0,227890,0,367035,547340,8591532,0,788156,858542,0,0,1256885,0,0,0,0,0,36907163,0,0,0,0,0,415207,0,25729716,382314,422482,0,1164425,0,0,270708,807789,5844218,0,5567085,0,1802211,0,6585396,0,2382241,0,22587585,0,0,9206,0,0,22250662,0,111668,167415,0,0,0,0,0,1943480,0,521057,441467,0,153542,0,0,29428404,247270,0,401746,7519,1424001,2504704,0,129157,673060,2094222,3370838,6429,9782376,2094222,263423,0,0,46982651,0,0,1119087,13977505,99007,755305,77287,0,197317,0,1620185,0,1673796,0,0,4913184,1376324,0,0,72241,0,2684469,1049798,1289376,0,0,0,0,0,0,1239522,0,0,823301,0,111659,0,0,1692769,0,771157,0,0,0,0,0,0,0,0,7794196,261918,1861797,0,0,8299814,0,0,1120302,877882,0,48105,0,830102,80612,85348,683393,0,289945,136522,0,170097,0,0,0,141977,0,0,0,0,15624,0,0,214718,214718,0,1892648,0,0,634444,0,0,0,744047,0,51723,0,0,0,0,230211,0,0,0,7617089,0,0,443770,0,131963,537651,343604,0,78889,70023,0,1720562,339738,1026661,252291,0,0,0,4192,0,241268,0,0,2421192,0,0,0,0,416622,0,0,77098,0,0,0,0,0,924524,0,0,0,310143,84010,238757,158625,0,whole organism,Sulphate limiting,0.07,Internal/Endometabolome
30_1,13600873,4228380,0,6441968,7615502,51933697,0,113624318,0,16745102,0,2102985,1321162,0,2334221,0,3117461,0,3869560,0,1454694,0,0,0,0,607327,0,0,9017400,0,0,3158515,881809,0,0,176942,0,538026,0,0,3707517,14063300,9998629,3084608,0,0,0,0,1316718,0,saturated( 294995365 ),0,0,13687585,0,0,0,0,0,20870168,6310462,0,3339153,0,0,2849145,50454,0,1845062,2436554,0,29553543,29553543,878026,0,693408,0,0,0,0,271001,0,0,0,0,0,0,854818,3018115,0,58889710,0,2860915,39096118,0,0,199098,37882,11383787,99347261,0,688841,0,4295941,0,19576744,0,0,0,532691,0,913546,913546,913546,5029434,0,775366,775366,23210961,1065920,1565669,1033357,0,8998906,186460,0,2056854,574789,0,0,496998,0,143178,0,160675,713227,0,2081599,0,0,0,215738,1059553,0,0,0,0,0,168863,0,0,461176,6369001,0,908903,874095,0,0,1448299,0,0,0,0,350923,30906102,0,0,0,0,0,346056,0,0,0,0,0,1084552,467461,0,221782,684042,1470272,0,5278390,1862090,1885938,0,13506971,0,1720091,0,27696168,0,0,12089,0,0,0,0,102559,187025,0,27875,0,0,0,1797438,0,471701,362200,0,141637,291118,0,0,211183,0,10423,202935,2537758,2908897,0,132469,0,1764465,3331495,758412,9703009,1764465,0,0,0,47721531,0,11414231,1374612,13722837,5474,1257594,0,0,183816,0,922667,0,1526669,74163,0,4532186,1366132,2248701,79854,14198,0,2637338,0,0,0,0,10396756,0,0,462636,972554,0,0,812085,120684,204472,0,0,1728952,202566,687462,0,0,0,0,0,0,0,0,7515244,207726,1922518,0,0,8932762,0,0,27902,0,0,57069,179014,853580,0,73933,687844,272459,232612,205613,0,177267,0,61974,0,2336558,0,0,0,371205,0,41028,555160,226689,226689,0,1859698,0,1833862,603293,0,0,1231624,0,0,264419,0,0,0,0,250706,0,0,0,7561549,0,64339,396707,359990,152451,454784,355158,0,49750,71817,0,1779488,329418,1012168,274929,0,0,0,7217,125100,242145,0,0,48643525,0,0,0,0,358327,0,0,0,0,10380146,139514,0,0,931131,0,0,0,412124,80044,223783,169136,0,whole organism,Sulphate limiting,0.07,Internal/Endometabolome
31_1,13995249,3918059,0,0,9068810,69914224,3026403,78586565,0,18528861,2152166,2103956,1241850,0,2183214,0,2879269,0,3939083,548175,1285467,712022,0,1417542,0,0,0,586090,8262597,0,0,3250924,0,0,0,223035,0,549086,0,0,3818953,14456950,14307675,3230776,0,0,0,0,1148259,0,47687716,149707,0,14464774,0,0,0,158395,0,14464849,0,0,775577,160977,0,3038555,133434,0,1773505,3774656,0,9370870,9370870,941638,0,396345,0,0,0,0,0,0,0,63003,869762,0,0,796320,0,243330,69402598,16570,0,29913536,0,0,239957,0,6010309,90518601,0,36653,0,2098480,0,6345393,0,2553685,0,484766,0,682980,0,682980,3794217,0,0,0,24471910,5846890,1806732,794108,0,10593008,0,45686,5990441,0,0,0,1468277,365317,375540,0,336660,0,0,1998708,125809,0,956410,266689,0,104981,104981,104981,0,0,223789,0,295808,268074,2147473,0,547965,729887,0,0,0,0,0,0,0,0,25418056,0,127570,0,0,0,267057,0,12142905,328021,332005,0,1043468,720674,0,162534,0,2073491,0,7095297,1431338,1786183,0,7857785,0,0,0,19168811,0,0,0,0,0,17480192,0,67472,0,0,0,0,0,0,490391,0,0,315578,0,0,348397,0,0,489154,0,0,0,0,0,0,149441,0,1434092,3672483,933416,9927134,1434092,0,0,0,53415296,0,11956292,698429,0,7245,687634,60679,0,92319,0,526579,0,624056,0,0,5171427,1702272,1628231,0,52606,0,2557374,0,1900642,14866,0,5836962,0,111044,539702,879559,0,0,797146,0,0,0,0,746449,204684,586300,0,0,0,0,0,0,0,0,6440965,0,1224679,0,0,8038822,0,0,1130235,686340,0,34322,126539,352052,81663,55757,665844,0,140830,79358,0,149506,0,89638,0,489333,0,0,0,0,0,28758,176049,67738,0,0,1513905,0,0,467176,657331,0,0,445983,0,38400,0,0,0,0,196226,0,0,0,7139217,368522,238616,235912,0,189547,23768,394955,0,125385,0,0,1992321,176539,425549,169667,0,0,0,17555,115260,218111,0,7803,20534443,396562,0,0,0,164626,0,0,67583,0,3941046,0,0,0,865588,323203,0,0,173503,69893,219618,103740,38943,whole organism,Sulphate limiting,0.1,Internal/Endometabolome
32_1,11658595,15042745,74861,0,5779752,2618745,3577254,74520341,0,16997201,1639299,1914320,1327086,0,0,676469,0,0,3292482,0,0,0,0,1051294,0,0,405923,0,6967187,0,0,2651911,0,0,0,345179,0,426185,0,0,3067651,11781514,13145211,2582357,0,0,0,0,853493,0,40957394,139620,28208,11722094,0,0,0,0,0,14689946,3284862,0,620203,0,0,0,0,0,1854194,3431180,0,6894099,6894099,752365,0,401066,0,0,0,0,257323,0,0,0,0,0,0,604573,2134791,0,136882022,51104,0,0,0,0,0,0,4913650,89378781,0,328602,0,1633290,0,5516303,0,1774526,0,361726,0,577785,577785,577785,2777484,0,687372,687372,20371155,5110799,1521121,526210,0,8460498,178921,0,5537007,424294,0,0,1351562,0,340977,0,295903,547290,0,1666556,0,0,962492,109496,859389,83154,83154,0,0,0,181727,0,241843,235764,2249069,0,424079,679863,0,0,0,0,0,0,0,0,22140047,0,0,0,0,0,282827,0,11078014,423183,0,0,886156,602450,0,152281,0,2707784,0,5866585,1870947,1563713,0,4267346,0,1292681,0,15703168,0,0,0,0,0,14234475,0,86878,104105,0,0,0,0,0,415343,0,442638,282502,0,0,380670,0,0,0,542502,6129,9103,398580,2442232,0,148766,0,1266775,3486289,0,8590320,1266775,250260,0,0,46792964,0,10226090,633284,2968488,69412,527690,56187,0,0,0,762493,0,585344,0,0,4672033,1429264,1485379,566249,12928,0,2213747,491808,1854790,0,0,5096395,0,134260,498345,978966,0,0,778100,126680,88563,0,0,627425,255682,745250,0,0,0,0,0,0,0,0,5476783,166272,0,0,0,7000139,0,0,1064377,0,0,41484,126432,316499,67798,47955,603147,102183,141647,67924,0,114636,0,101547,0,396757,0,0,0,155622,0,0,160565,60752,0,0,1272334,0,0,442269,546517,0,0,403904,0,174827,0,0,0,0,198521,0,0,0,6669415,345719,0,0,222846,190881,179336,400888,0,121068,44286,0,1472555,200733,409887,141469,0,0,0,8788,75850,214758,0,0,18965277,0,0,0,0,167101,0,0,0,0,4079381,0,0,0,754956,0,0,0,153646,68678,244158,125218,0,whole organism,Sulphate limiting,0.1,Internal/Endometabolome
33_1,12795446,0,2376901,0,9219608,69324503,3819826,78782576,0,18455301,1957865,2110832,1462194,0,2082794,0,2781688,0,3731190,0,1237450,661038,0,1205014,0,490163,0,0,7803900,0,0,3109079,248707,0,0,173312,0,0,0,0,3531474,13505302,14842623,3071423,0,0,0,0,0,0,45237804,153510,99173,14068924,0,0,0,0,1097925,12516914,2682411,0,755028,0,0,2738263,436101,0,1708141,4139523,0,9039510,9039510,889789,198346,0,0,0,0,0,0,0,0,0,887935,0,0,702335,3137975,91328,0,0,2189786,31863814,0,0,0,0,5640181,85248272,6409725,38681,0,1889936,0,6393936,0,2899770,0,437834,0,631680,631680,0,0,0,0,0,23326693,5882020,1822559,476666,0,10078482,0,45828,5273298,135777,0,0,1298908,399992,344634,0,268076,649003,0,1592904,102842,28324,0,270913,1005987,0,99356,99356,0,0,212668,0,0,0,1804446,0,556196,745946,0,0,504352,0,0,0,0,164067,23112684,0,129477,0,0,0,252434,0,11660667,0,0,0,1017069,637197,0,158685,0,0,0,6945165,1729377,1237714,0,6492863,0,1853939,0,16674549,130706,0,0,0,0,0,0,52520,98659,0,0,0,0,0,477702,0,470538,303973,0,0,270105,0,10048328,405797,0,846846,561875,0,0,0,162937,0,1521153,3424630,988287,8872784,1521153,237199,0,0,52008931,0,0,656182,2898123,0,0,0,0,0,0,1039016,0,596033,0,0,5242791,1590490,1608247,555042,50076,0,2509808,0,1872297,0,0,5472070,0,0,523074,729773,0,0,812594,133852,101638,0,0,736490,193864,582584,31073,0,0,0,0,0,0,0,5340691,180732,0,0,0,7988420,0,0,1132230,577860,30400,33911,119455,341172,68889,47906,656122,0,142190,68305,0,103084,0,82603,0,448482,0,0,0,0,0,0,156700,61345,0,0,1275560,0,1705432,357691,0,441268,441268,441920,0,30960,0,12979,0,0,176779,0,0,0,5696260,346752,0,0,246603,189165,183593,367944,0,124611,0,0,1513378,167449,0,134241,0,0,0,5269,86138,271191,0,5269,18599829,369811,0,0,0,173666,0,0,51600,0,4234172,0,0,0,849435,0,0,0,164219,0,0,112777,42507,whole organism,Sulphate limiting,0.1,Internal/Endometabolome
34_1,11040965,13438304,237186,0,5232042,0,2459189,71960273,0,16527678,0,1824744,1308379,0,1796024,715173,2402410,0,3011032,0,0,0,0,801719,0,0,0,0,6503700,0,0,2468148,0,0,0,0,0,0,0,0,2920423,11257132,14686812,2443381,0,0,0,0,1351675,0,8383782,140310,0,12058424,0,0,0,0,849381,14412802,0,138187,289571,0,0,5522000,0,0,1316251,3172263,0,3833001,0,719609,282163,579723,0,0,0,0,204882,0,0,0,256547,0,0,781701,1130748,86577,144982088,0,0,0,0,0,0,0,2134453,107123830,0,57934,0,651589,0,1487027,0,1124961,0,345341,0,429996,0,0,1567061,0,988539,988539,18815231,11145271,394827,47652,0,8351224,0,0,4886452,579688,0,0,1206901,0,756649,0,258276,0,0,1573125,0,0,0,47765,813607,89483,89483,0,0,0,173018,0,530104,127497,375519,510601,0,510601,0,0,450143,0,0,0,0,0,8485554,0,66308,0,0,0,0,0,8193488,334446,0,0,674307,0,0,131683,0,3668919,0,0,0,848462,0,1767255,0,4208997,0,5508132,164672,0,0,0,0,0,0,0,0,0,0,0,0,0,86963,0,363266,193612,0,0,0,0,1902066,1087898,388640,1310089,30253,0,2428450,0,49298,92798,0,7415238,50450,0,909931,0,0,0,11722161,0,0,384582,12616485,0,0,155709,0,0,0,578475,0,112058,66327,0,3159235,0,1743703,1070604,57214,0,1152949,173896,9314128,7295,0,3661452,0,0,649883,760382,0,0,707724,592572,174854,0,0,212995,185202,2924147,0,0,0,0,0,0,14450,0,8542374,146590,1145951,0,129289,0,0,0,1655602,0,0,75994,132690,130041,0,67035,0,0,54684,30753,0,116838,0,271147,0,159359,0,257676,0,93691,0,0,0,0,0,0,2211985,0,2393859,521288,539835,0,0,0,0,192192,0,12820,0,0,1044240,0,0,0,8151596,382489,197802,0,0,160491,0,522025,0,0,60825,0,1453872,173892,179531,163019,0,0,0,0,0,457546,0,0,1528337,0,0,0,0,129399,0,0,50975,0,2509363,200961,0,0,1931768,0,0,0,1489911,380124,0,141277,83701,whole organism,Sulphate limiting,0.2,Internal/Endometabolome
35_1,12628205,4859048,2748472,0,9010623,53643859,3657008,68931054,0,18175628,923386,1982690,1538004,0,1939098,0,2510275,0,3427310,452664,0,602100,0,150363,0,0,0,80669,7078146,0,0,2715118,0,0,0,0,0,0,0,0,3186152,12241603,14195579,2720884,0,0,0,0,1322971,0,2607078,0,0,12851666,0,0,0,0,954278,13035928,1548542,0,362003,0,0,0,67879,0,1709888,3779070,0,4805990,0,797777,31663,763374,0,0,0,0,119053,0,0,0,0,0,0,798121,1146340,67117,152603740,0,0,10029157,0,54236,397016,0,2878215,108166381,0,55924,0,884675,0,627726,0,1167954,0,394021,0,487976,487976,0,1647243,0,1049707,0,20416252,12926812,461308,313557,0,9399223,0,0,6495159,724986,0,0,1591442,0,687667,358821,346866,321482,0,1512434,0,85483,0,208630,924598,103783,103783,103783,0,0,192616,0,534058,145956,424087,0,212650,630566,0,0,0,0,0,0,251999,0,7712333,0,76468,0,0,0,244225,0,8253180,443879,0,0,0,523583,0,146787,0,0,0,1198089,0,1354566,0,2663629,0,5283665,0,5572879,135669,0,0,0,0,10273676,0,0,0,0,0,0,0,0,92677,0,406672,0,0,0,0,0,9438156,0,1059146,1081892,764226,0,3385258,0,0,0,0,6642968,883916,7737107,1023141,0,0,0,11446057,0,0,295701,10990724,0,388894,140169,2301908,8088,3513,361878,0,127865,0,0,3920467,3424915,1864813,1274371,49814,0,1192102,0,11255042,0,0,3828681,0,47365,0,902436,0,0,793820,139115,147371,0,0,247464,172446,3050026,0,0,0,0,0,0,14938,0,9503585,165813,1331819,0,109948,126209,18512,0,1987872,590747,0,81716,152101,146062,0,75407,627021,18859,25596,8444,7193,164018,0,255147,0,156633,0,352025,0,0,0,44246,0,49850,0,0,2292860,0,2037306,448942,708658,0,0,0,0,173182,0,16054,0,0,932088,0,0,0,7776935,0,175273,0,0,677943,0,564932,0,43569,65082,0,1148545,160072,195165,155407,0,0,0,12119,0,348404,0,0,1506527,259793,0,0,0,107023,0,6946,63872,0,2352433,186799,0,0,1535158,0,0,0,1659181,323301,305446,133231,96538,whole organism,Sulphate limiting,0.2,Internal/Endometabolome
36_1,12819877,4283194,0,0,8761054,52361862,3758781,70294817,0,17856181,900143,1910204,1372643,0,1882370,0,2514845,0,3350200,0,1147753,592970,0,1151195,0,0,0,0,7050345,0,0,2683002,0,0,0,314483,0,442036,0,0,0,12052749,14870570,2686256,0,0,0,0,1351815,0,7818982,0,0,12566363,0,0,0,0,901643,14033577,1748875,0,394358,0,0,5446279,392605,0,1523056,3132005,0,4968023,0,776534,240212,614117,0,0,0,0,0,0,0,0,0,0,0,0,1248829,0,153004632,40495,0,10464184,0,0,0,0,0,0,1942475,0,0,935249,0,1749880,0,1291860,0,378164,0,0,0,0,1754418,0,763659,0,20215130,12652431,471732,280660,0,9070553,0,0,5196191,751339,0,0,1285959,0,711600,348238,284453,0,0,0,62461,0,0,213687,896815,111986,111986,111986,0,0,192608,0,472068,153467,420813,0,0,673271,0,0,529752,0,0,0,0,0,8607277,0,71760,0,0,0,226117,0,8943089,418239,0,0,0,616696,0,183186,0,2748437,0,1246635,0,1119042,0,3141336,0,2881591,0,7644547,119714,0,0,0,0,10664560,0,0,0,0,0,0,0,0,86982,0,0,0,0,93916,0,0,5338048,1026071,1545596,994076,722642,33888,2796472,17668,152001,0,0,7383947,826049,7786152,928936,0,0,0,11314291,0,0,474681,0,0,0,167980,0,0,0,918835,0,148354,0,0,3790790,3607662,1844794,1173555,0,0,1245218,0,11558213,0,0,3945754,0,48692,555135,596484,0,0,884200,149924,149265,0,0,258426,135366,2926718,0,0,0,0,0,0,17058,0,9148512,157510,1288900,0,125591,0,0,0,2037159,0,0,92737,174694,365580,0,79637,611865,0,55453,0,0,110047,0,325886,0,211508,0,448179,0,0,0,48592,0,0,0,0,2173668,0,2121592,516315,581969,0,0,0,0,180020,0,0,0,0,983373,0,0,0,7538402,389764,0,134323,0,732903,85580,716810,0,0,59699,0,1127942,176781,210153,152090,0,0,0,12066,0,432180,0,8937,1507867,275521,0,0,0,95508,0,0,64190,0,2347572,205648,0,0,1778271,0,0,0,1736546,388184,309357,105526,130087,whole organism,Sulphate limiting,0.2,Internal/Endometabolome
37_1,12097602,12899608,0,0,5754738,50243686,2021254,44843639,0,14533092,1586266,1576510,1032793,0,0,0,0,0,2657507,0,865464,467878,0,2515766,0,0,173236,0,6003664,0,0,2093955,0,0,0,0,0,314837,0,0,2450942,9473213,5963659,2049152,0,0,0,0,1256530,0,13083231,134873,64480,9471935,0,0,0,0,0,0,0,0,358747,0,0,5269585,57802,0,1687366,3982563,0,4257967,0,595725,0,72268,0,0,0,0,0,0,0,0,227099,0,0,663272,1434324,0,135839845,0,0,13581358,0,0,356840,0,2731539,100867053,0,252953,0,483894,0,1406355,0,595723,0,275581,0,0,0,0,0,0,0,0,16131290,2913236,16130915,0,0,6421921,0,0,7754302,0,0,0,1905246,0,276573,0,461777,0,0,1137723,0,216125,0,68213,661568,0,32498,0,0,0,133879,0,390762,882574,0,0,0,260588,0,0,0,0,0,0,0,0,3294850,0,0,0,0,0,141834,0,2909523,282675,0,0,197736,818151,0,169541,349610,2744833,0,1029622,0,1375431,0,14766832,0,0,0,37191421,0,0,0,0,0,20597621,0,39222,150686,0,0,0,0,0,0,0,241372,0,0,0,1090801,0,885250,305825,0,298285,192661,97315,6015452,16670,167015,0,700352,3078056,1917588,6565382,0,369790,0,0,17282827,0,2181312,688047,0,0,0,210842,0,0,0,844841,0,173559,0,0,7014722,2514095,1300544,743930,78775,0,1081585,21162,314928,54693,0,11270855,0,0,752766,0,0,0,474774,0,38463,0,0,170696,0,843530,0,0,0,0,0,0,0,0,7770468,164621,0,0,80814,0,0,0,1015622,613818,0,145400,159385,284571,0,67089,681734,0,14963,0,0,150896,0,85499,0,921917,0,409761,0,0,0,0,0,101010,0,0,2001860,0,0,496316,766347,0,0,0,0,204431,0,0,0,0,131005,0,0,0,7102047,221429,184849,124560,23698,115460,0,611034,0,0,0,0,693296,92164,156969,96363,0,0,0,20854,49811,281116,0,20854,97582803,874912,0,0,0,0,0,0,127210,0,0,0,0,0,975282,0,0,0,157015,218570,282173,38895,127075,whole organism,Ethanol limiting,0.07,Internal/Endometabolome
37_2,11905645,3377845,184506,0,5641196,3510210,82909,44387759,0,14345470,0,1536243,902558,0,0,0,2310772,0,2476210,0,832735,453818,321230,2726041,0,0,161234,161234,5567769,0,0,1985330,0,0,0,0,0,298583,0,0,2293540,8958895,5770430,1990478,0,0,0,0,1238658,0,12910858,0,0,9228938,0,0,0,0,649240,27449565,2918138,0,367607,0,0,5177461,62083,0,1628238,3938649,0,4189810,4189810,585231,0,69549,0,0,0,0,173162,0,0,0,186722,0,0,645793,0,0,131789515,0,0,13151491,0,0,350085,0,2653790,99168888,8077964,252659,0,461488,0,1337053,0,608753,0,275721,0,0,0,2112981,638428,0,496908,496908,15725589,2615484,15887152,131240,0,6328274,0,0,7571274,0,0,20229,1858110,0,305058,0,459862,0,0,1086930,0,0,294890,65349,660063,0,0,0,0,0,133573,0,403294,849689,791195,0,0,262989,0,0,527709,0,0,0,0,0,3619836,0,0,0,0,0,141394,0,3330097,277395,0,0,195348,926055,0,181104,402952,5023866,0,1045290,656609,1390234,0,11772244,0,658144,0,38693785,0,0,0,0,0,0,0,0,158852,0,31897,0,0,0,0,0,0,314372,0,0,1080320,0,12527364,267006,2020815,305930,205066,0,5356636,11784,0,365211,664358,3244989,1865803,6347870,664358,0,0,0,0,0,2088326,815412,2108027,0,331103,212739,0,13184,0,809859,0,165606,0,0,6833783,2455264,1270776,719488,29091,0,1041524,0,248585,0,0,5613,0,0,758812,875256,0,0,503244,160261,10566,0,0,172334,0,913024,0,0,0,0,0,0,0,0,7578676,157296,1232692,0,79195,0,42260,0,1904477,654401,84316,154572,152524,297200,0,69628,657219,0,0,0,0,152191,0,75406,0,925489,0,356957,0,0,0,0,0,101582,0,0,1988562,0,1921560,558077,774136,0,0,418628,0,192847,0,0,0,0,131488,0,0,0,6895671,0,0,140634,97378,120212,0,576805,0,0,0,0,679952,104067,163007,90702,0,0,0,0,21930,274615,0,0,98660861,884346,0,0,0,78969,0,0,127438,0,793457,0,0,0,984323,76104,0,0,59299,217420,188431,42163,151079,whole organism,Ethanol limiting,0.07,Internal/Endometabolome
37_3,12231813,9505823,0,3252408,266290,50027177,2913647,44201877,1577321,0,0,1577321,884725,0,0,0,2036786,0,2555821,0,895711,474902,0,2645161,0,0,0,0,5871494,0,0,2103870,0,0,0,42020,0,0,0,0,2359353,9227208,6143441,2092609,0,0,0,0,1342153,0,10349238,0,0,9663158,0,0,0,0,715579,25396408,2823522,0,381118,0,0,5384823,119188,0,1707773,4005943,0,4611311,0,614359,0,73872,0,0,0,0,179424,0,0,0,226015,0,0,692094,1299153,0,135855788,0,0,13533700,0,0,381754,0,2841070,100721309,0,55093,0,0,0,1402097,0,650104,0,292783,0,0,0,2214042,0,0,0,0,16299549,2868200,16411995,87098,0,6746521,0,0,7943788,385588,0,18814,1948637,0,304814,188649,485711,0,0,1040542,0,0,334754,35450,0,0,39510,39510,0,0,145195,0,372471,871218,790626,274827,0,274827,0,0,0,0,0,612396,0,0,3571670,0,47928,0,0,0,0,0,3167300,306268,0,0,210033,0,0,182695,389279,3640546,0,1089087,0,1471908,0,14585490,0,695942,0,38059264,0,0,0,0,0,20515801,0,0,156241,0,35270,0,0,0,0,0,0,316610,0,0,1146219,0,4651139,160124,2071031,0,0,0,0,18450,0,384758,672058,3110273,1894245,6528790,672058,370029,0,0,17230625,0,2077487,760956,2011348,299715,667651,209963,0,15402,0,0,0,176963,42053,0,7057991,2591197,1287661,771903,85498,0,1129123,0,280938,52072,0,11080316,0,0,788476,0,23888,0,513839,164053,0,0,0,176948,0,929571,0,0,0,0,0,0,0,0,7945240,168884,1336498,0,80189,0,0,0,1094410,636152,0,174899,173788,299144,0,74367,699741,0,0,5105,0,163197,0,90198,0,968675,0,367866,0,0,0,0,0,112497,112497,0,2071134,0,1958693,584306,830430,0,0,472971,0,212647,0,0,0,0,140667,0,0,0,6881866,225404,224656,141486,101560,118443,0,600394,0,13653,0,0,704563,102206,165051,98068,0,0,0,17708,57636,275119,0,17708,99324021,891252,0,0,0,0,0,0,141648,0,799273,0,0,0,1041829,0,0,0,29518,219897,196395,41550,152156,whole organism,Ethanol limiting,0.07,Internal/Endometabolome
38_1,14420102,2116036,29218,0,5120734,35503504,2690343,45630138,0,12828988,2026492,1460016,872609,0,0,0,1775081,0,2450323,0,793894,470585,0,2700454,0,0,489712,0,6052863,0,0,1937481,0,0,0,0,0,233260,0,0,2114667,8390592,15448181,1864367,0,0,0,0,1592679,0,15342395,178188,0,9924484,0,0,0,0,637677,17399867,2174846,0,565906,0,0,7109369,78354,0,1546108,3943136,0,6245938,6245938,545689,0,212709,0,0,0,0,0,0,0,0,308906,0,0,0,2506350,0,148448990,0,0,0,0,6586760,510362,0,4534400,109687546,8485256,256281,0,0,0,961472,0,611739,0,254868,0,0,0,2626934,694081,0,1324470,0,15377396,3426961,20795909,84550,0,6204695,0,0,8373853,504106,0,25304,2067921,0,265498,0,577164,0,0,0,0,0,0,65128,639449,0,41154,41154,0,0,0,0,213264,1072222,868696,0,0,379297,0,0,0,0,0,0,0,176535,3118749,0,27471,0,0,0,123967,0,2866198,379708,0,0,287019,1061599,0,173966,346571,270863,0,0,0,1219691,0,0,0,4470119,0,59730365,0,0,0,0,0,0,0,0,97568,0,36307,0,0,0,0,0,0,311537,171319,90801,1352951,0,0,129337,0,149788,96872,0,0,42253,222231,0,662938,3432444,2828095,5906896,0,0,0,1965518,21324996,0,2223657,2035996,2508728,98986,1718830,289694,0,0,0,3363728,0,0,0,0,8476573,0,1713573,945438,41327,0,1449529,0,533540,58186,0,13251586,0,0,0,0,24048,0,732413,153168,54696,0,0,227703,0,540638,0,0,0,0,0,0,0,0,9054786,138857,0,0,197874,0,44888,0,2763867,627405,0,247288,198978,1030890,0,76537,689166,0,15163,0,0,0,0,86784,0,1572026,0,486108,0,0,0,0,20384,147481,147481,0,2349016,0,115539,588127,920590,0,0,0,0,236934,0,19330,0,0,146654,0,0,0,6996346,278388,232163,167083,146597,224414,0,682282,0,0,0,0,682582,109749,183790,106239,0,0,0,6884,0,311935,0,0,3409750,1064774,0,0,0,0,0,0,123920,0,902079,162706,0,0,1269182,0,0,0,0,289134,177077,0,313156,whole organism,Ethanol limiting,0.07,Internal/Endometabolome
39_1,15158163,2615038,0,0,6531707,45152032,2788375,46738259,0,14979785,2128865,1655010,915919,0,1609291,0,2010776,0,2759056,0,947199,522489,398383,2112467,0,0,0,389168,6620785,0,0,2157639,0,0,0,0,0,0,0,0,2486673,9903359,15935487,2182204,0,0,0,0,0,0,17677003,211504,0,9968941,0,0,0,0,727920,17195955,2241980,0,0,0,0,0,0,0,1786974,3742598,0,0,0,639073,201627,239762,0,0,0,0,0,0,0,0,394232,0,0,767590,2859892,123699,158164823,0,0,17877467,0,0,0,0,4530246,104878328,0,375341,0,826133,0,1856472,0,962774,0,315636,0,0,0,2838130,917357,0,1304048,1304048,17963446,3870362,22522845,0,0,7158715,0,0,7840698,0,0,35450,1957610,0,306642,302149,519198,0,0,1043172,0,247438,417018,134223,796497,0,46057,46057,0,0,152308,0,298783,1088873,0,0,0,0,0,0,0,0,0,0,0,213760,3348267,0,49922,0,0,0,162056,0,3934548,438592,643072,0,360267,1206463,0,0,412087,394090,77701,1565251,2368027,1461739,0,0,0,5497228,0,51327991,0,0,0,0,0,23955053,0,9245,116977,0,0,0,0,0,0,0,0,321083,0,0,0,0,0,165671,0,205525,137620,0,10876524,48916,242449,0,849386,3636105,2723901,5477856,849386,381079,0,3155605,19470050,0,1567444,1428728,2336882,80762,1454155,0,0,29504,0,0,0,0,0,0,0,2367487,0,1009991,0,0,0,0,562322,0,0,0,0,0,721375,0,15270,0,801807,147474,0,0,0,265871,0,673277,0,0,0,0,0,0,0,0,8485757,249004,1945153,0,150151,0,42320,0,3045594,632551,103945,213383,215967,3045594,0,77980,0,0,0,8280,0,138943,0,135862,0,1806592,0,592854,0,0,0,0,0,150108,150108,0,2098039,0,2062925,591538,872688,0,0,536349,0,182172,0,0,0,0,113610,0,0,0,6133479,272698,0,244644,0,256006,0,893218,0,0,85235,0,878006,167017,259127,120415,0,0,0,11561,0,407628,0,23057,11605712,905835,0,0,0,0,0,728,96182,0,434200,56813,0,0,1212048,244223,0,0,47689,506165,318054,202580,361148,whole organism,Ethanol limiting,0.07,Internal/Endometabolome
40_1,12367546,11029192,216615,5232694,2701080,0,3692023,37898779,0,15393601,915662,1627319,1113373,0,1690077,0,2638099,0,2862022,0,965442,0,0,1677747,0,0,0,0,6063471,0,0,2380697,0,0,0,0,0,360911,0,0,2756016,10598460,9989648,2381113,0,0,0,0,1443219,0,9183236,152065,83482,9994973,0,0,0,0,0,22853068,0,0,352141,0,0,3303684,100726,0,1572493,3981756,0,4683676,0,879867,0,100286,0,0,0,0,234692,0,0,0,0,0,0,512604,1142016,161625,0,0,0,8546001,0,0,0,0,2330348,94068415,5508584,50670,0,397296,0,2353621,0,957495,0,480813,0,0,0,0,1008083,0,0,198903,17855008,4617773,9701863,84937,0,9001718,0,0,6272546,0,0,0,1543477,0,581369,425739,432740,227064,17235,1453967,0,108846,0,95983,1062153,92934,92934,0,0,0,211578,0,525764,1355453,0,0,0,0,0,0,0,0,0,0,0,0,5125841,0,87113,0,0,0,147888,0,3329375,373940,0,0,278526,557404,0,173505,328825,2983851,0,1087286,0,0,0,6190174,0,920986,0,16469071,91969,0,4303,0,0,22683703,0,24337,91380,0,0,0,0,0,95459,0,0,221717,0,0,482400,0,874994,103833,0,23616,17021,0,0,0,36637,341074,0,6018116,2631934,6928502,0,0,0,0,16004892,0,2134313,119679,0,42255,143686,282169,0,21308,0,273047,0,0,0,0,7365642,2895776,815648,1271282,14087,0,1045083,0,0,45799,0,8911814,0,0,917243,0,56310,0,518444,0,0,0,0,0,0,2018077,0,0,0,0,0,0,0,0,8924888,127534,400815,0,0,0,0,0,428314,801159,0,164964,245513,162544,0,87746,619538,0,0,10713,0,78016,0,324933,0,664042,0,477993,0,0,0,0,0,116330,116330,0,2218504,0,1825623,688909,398859,0,0,0,0,227881,0,9712,0,0,164499,0,0,0,6809192,0,76708,0,105765,17218,0,992626,0,0,72626,0,900753,118932,40412,141241,0,0,0,13493,82688,552495,0,0,61905184,0,0,0,0,0,0,0,86673,0,714729,384994,0,0,2817325,0,0,0,41468,257950,239632,67271,337556,whole organism,Ethanol limiting,0.1,Internal/Endometabolome
41_1,13544918,0,0,0,9788318,40919980,1614651,40004173,0,18921188,1114277,1947245,929385,0,1838133,0,2435118,0,3423683,419607,0,608609,0,2428085,0,0,0,194152,7099568,0,0,2930208,0,0,803726,0,0,0,0,482231,3133250,4821433,12669674,2949018,0,0,0,0,1528772,0,6566193,181272,0,12761931,0,0,0,0,1262660,26173603,0,0,428384,0,0,3830898,202312,0,2287805,3429337,0,5292939,0,1105828,191958,119666,0,0,0,0,0,0,0,0,0,0,0,0,0,94783,151684552,0,0,0,0,0,0,0,2809371,97396895,0,55363,0,0,0,3342019,0,1064115,0,668405,0,4883940,0,4883940,1054428,0,0,233136,21380674,6928869,11054814,86585,0,11613165,0,0,11176429,0,0,0,2764839,0,542780,471422,749714,0,0,1588704,0,472900,0,0,1342116,106570,106570,0,0,0,0,0,657922,1537471,0,0,0,397623,0,0,0,0,0,369073,369073,0,4573505,0,131505,0,0,0,134759,0,3120406,511569,0,0,319159,366958,0,147593,281485,1431410,0,1227605,0,0,0,4660500,0,1208302,0,8353618,0,0,0,0,0,27136827,0,0,0,0,0,0,0,0,104227,0,277820,216457,0,94473,654834,0,16757908,74834,0,529129,0,0,450399,29784,0,386268,0,4713501,3175597,7000657,660658,0,0,0,17051543,0,2193572,0,0,0,560735,321132,0,0,0,737324,0,0,0,0,8317000,5007244,926456,1981266,154303,0,1148438,0,0,54560,0,0,0,0,0,0,72689,0,529378,258693,92270,0,0,0,0,2308381,0,0,0,0,0,0,0,0,8982197,0,0,0,77781,0,0,0,510794,707098,0,159766,240809,158540,0,83555,657527,0,0,22479,0,65958,0,384601,0,701522,0,421257,0,0,0,0,0,113598,0,0,2205679,0,1783458,681177,393011,0,0,0,0,286533,0,0,0,0,136099,0,46709,0,6265383,0,263199,0,0,156275,0,845299,0,50948,68779,0,769199,89525,15075,108869,0,0,0,22692,0,476629,0,0,65041781,0,0,0,0,0,0,0,108194,0,0,332722,0,0,2687340,0,0,0,0,254981,254096,51867,255245,whole organism,Ethanol limiting,0.1,Internal/Endometabolome
42_1,12128465,13438010,0,0,8096130,51396341,4323384,39361335,0,17719411,827323,1895227,1439915,0,1931216,0,2633070,0,3560645,0,0,0,0,3032965,0,0,0,249467,7325392,0,0,3118779,0,0,0,0,0,562561,0,0,3434569,0,16269931,3317807,0,0,0,0,1567465,0,6907965,176794,110300,12445185,0,0,0,0,1111812,32357941,0,156932,382528,0,0,3535661,588056,0,2246951,2656586,0,3741593,0,950992,157622,37889,0,0,0,0,0,0,0,0,0,0,0,238186,0,35752,11534,0,0,8597789,0,0,293444,0,2328949,90185807,0,193487,0,582827,0,3552717,0,716583,0,500270,0,0,0,4743269,0,0,488582,488582,19027118,5554998,9412714,77800,0,10174799,0,0,10673478,0,0,0,2679105,0,467983,236865,673602,0,0,1383107,0,0,0,0,0,88588,0,0,0,0,223736,0,626265,1312033,0,0,143425,398516,0,0,0,0,0,390267,390267,0,4014432,0,130154,0,0,0,161472,0,2746810,386054,0,0,239847,236918,0,145774,238263,976212,0,954417,14742,1044780,0,1883202,0,829940,0,3740341,0,0,0,0,0,23942521,0,0,55408,0,0,0,0,0,0,0,0,199825,0,0,581113,0,3811165,38598,0,0,23220,0,0,0,0,359598,0,5306869,2945177,7347851,0,285604,0,439091,15767733,0,2326823,0,0,0,0,299563,0,0,0,353700,0,479464,0,0,9081334,4654428,0,1937070,0,0,996215,0,0,0,0,9437807,0,99666,1351893,0,37267,0,460406,240322,83749,0,0,50071,0,1884525,0,0,0,0,0,0,0,0,8457783,165371,1458480,0,71375,0,0,0,369276,625113,0,180945,240475,36883,0,87611,673955,0,0,0,0,97581,0,320735,0,474776,0,388522,0,0,0,0,0,92372,0,0,2048416,0,1939006,783310,750668,0,0,0,0,181474,0,0,0,0,127451,0,0,0,6535189,0,243154,163425,88455,123387,25806,848833,0,41445,0,0,715830,79359,14631,96920,0,0,0,0,64208,515265,0,0,64183566,0,0,0,0,17583,0,0,103253,0,616423,298096,0,0,2418218,0,0,0,3715,223967,255737,55210,240223,whole organism,Ethanol limiting,0.1,Internal/Endometabolome
46_1,11819606,11586478,0,5823296,2828930,6265383,3830499,62427389,0,16319336,1285658,1839023,1269429,0,2063236,0,0,0,3550294,0,1093462,0,0,0,0,0,0,0,8105958,0,0,2992701,0,0,780727,0,0,485035,0,0,3502454,13267067,22065782,3070629,0,0,0,0,1300345,0,11086422,142530,0,11752519,0,0,0,0,1031189,21484387,0,0,2503735,0,0,4991594,167480,0,1762058,2722834,0,24069352,24069352,890498,0,26608,0,0,0,0,222285,0,0,0,1268257,0,0,481254,3260633,45969,0,0,0,8179880,0,0,0,0,4393647,109735857,22414956,872026,0,1918347,0,6527904,0,1252082,0,515607,0,0,0,3501704,3037234,0,500676,500676,19312325,2948272,2150947,89688,0,8766813,182155,0,5712635,404232,0,125463,1439029,0,331121,356928,371241,0,0,1449340,0,26341,835839,31677,1059008,117314,117314,117314,0,0,218605,0,796836,1314838,1861410,0,0,1664121,0,0,0,0,0,0,0,0,20981979,0,160657,0,0,0,350667,0,11650939,495130,0,0,1044081,465339,0,299596,355391,3459908,0,2919489,0,1399113,0,8076801,0,0,0,21405784,0,0,18996,0,0,31224146,0,37286,0,0,89098,0,0,0,0,0,1744844,400794,0,117840,1838844,0,12406430,379744,0,160783,109439,0,7315623,0,252129,0,1476370,3994285,1502836,7908569,1476370,0,0,687196,12946640,0,2685078,524089,2873771,0,0,110313,0,0,0,1036911,0,392057,0,0,6928291,1756106,0,647002,59017,0,322991,0,2261104,0,0,4663342,0,213733,2032205,0,0,0,0,566433,0,0,0,145458,0,0,106049,0,0,0,0,0,0,0,6206566,274854,0,0,51000,47802,0,0,2222881,802156,0,130720,262077,253720,0,67733,628621,0,48942,0,0,150128,0,85850,0,1229830,0,495045,0,0,0,126135,0,149926,149926,0,1295744,0,1873868,754885,769796,0,0,460859,0,608847,0,30031,0,0,590704,0,0,0,6193909,0,273929,193900,653407,436222,0,0,0,0,191703,0,634481,292927,336156,426830,0,0,0,0,0,257806,0,0,15514651,0,0,0,0,0,0,1189,75472,0,5798492,131931,0,0,1070575,71699,0,0,242040,139873,244394,276684,0,whole organism,Glucose/O2 limiting,0.07,Internal/Endometabolome
46_2,13612094,0,2510247,0,8638827,58969888,2897290,67097983,0,18413107,1715725,2078863,1334476,0,2155973,0,0,0,3929134,0,1196689,742370,0,2308196,0,0,0,0,8686269,0,0,3398198,0,0,0,0,0,0,0,0,3885408,14918955,24931889,3626637,0,0,0,0,1700426,0,0,172609,117591,13898010,0,0,0,0,0,20834088,1552079,0,2950058,1749183,0,5883429,47660,0,2074383,3062867,0,27524456,27524456,1130819,0,99576,0,0,0,0,250429,0,0,98310,1543778,0,0,560118,3927657,78114,156412025,0,0,9043436,0,0,349261,0,5341189,115278510,28445368,1046383,0,2319452,0,7539790,0,1601062,0,644192,0,4089014,4089014,4089014,3392481,0,533498,533498,22181734,3167837,2555673,315475,0,10663489,0,0,6951461,146229,0,0,1747283,0,317137,0,450412,586108,0,1440033,0,410746,0,274897,1263312,135461,135461,135461,0,0,255128,0,958479,1551166,2077415,0,0,1737823,0,0,0,0,0,0,0,0,20397264,0,0,0,0,0,315835,0,11373272,555666,0,0,1227124,472227,0,281885,346256,2075903,143779,3526500,945729,1644908,0,12410757,0,0,0,21848202,0,0,0,0,0,36320122,0,36773,0,0,103825,0,0,0,24648,0,1793433,394190,0,111675,1983396,0,15270974,123943,0,167123,107804,0,10164040,0,263433,471151,1615495,3628117,0,8907848,1615495,0,0,0,14473331,0,2609790,497796,2762872,0,0,113615,0,22495,0,1243044,0,158211,0,0,7636151,1970793,1833055,741807,41850,0,333318,53279,2629944,103710,0,5069728,0,0,2245207,837924,27545,0,7919479,213352,86429,0,0,145642,0,1756235,0,0,0,0,0,0,0,0,6739373,297730,2108611,0,51464,0,0,0,2443259,0,72686,0,269306,83361,0,74723,669015,0,27180,8621,0,159098,0,100183,0,1310268,0,444168,0,0,0,0,0,159394,0,0,1403902,0,1829355,675288,844825,0,0,0,0,609277,0,30307,0,0,596130,0,0,0,5491575,173591,0,253669,670494,87782,0,674207,0,0,0,0,585965,262780,316265,457542,0,0,0,0,0,256906,0,0,47216133,0,0,0,1315296,0,0,1029,73665,0,5927603,0,0,0,1100644,908701,0,0,320524,152541,180419,288999,0,whole organism,Glucose/O2 limiting,0.07,Internal/Endometabolome
46_3,11798577,14792526,0,5792728,0,0,1277280,68208782,0,17207543,1623687,1977625,1373805,0,0,0,0,0,3511085,0,0,0,0,1004401,0,0,0,0,8383972,0,0,2880625,0,0,0,192902,0,0,0,0,0,0,22150970,2986794,0,0,0,0,1289726,0,29385742,144320,0,11539014,0,0,0,0,1030323,22612322,0,0,2474005,0,0,4805696,273445,0,1766015,2867747,0,23392337,23392337,863761,0,94542,0,0,0,0,0,0,0,79279,1298323,0,0,458784,3340708,76565,144197724,0,0,8394070,0,0,0,11845,4370116,111530817,24517425,7934,0,1947786,0,7086144,0,1334062,0,483947,0,0,0,3541538,3131829,20277,0,0,19854977,3040642,2128462,316101,0,8514172,70348,0,5565353,0,0,127243,1391958,0,314459,0,352660,0,34647,1372881,0,29114,0,34092,1033392,112207,112207,112207,0,0,212510,0,857554,1368810,1931349,1448100,0,1448100,0,0,0,0,0,0,0,0,21729536,0,163466,0,0,0,349705,0,11207584,485153,0,0,1018883,0,0,278601,332110,3243478,0,2714897,802885,0,0,7933136,0,0,0,22031369,0,0,0,0,0,31380181,0,36773,133651,0,86822,0,0,0,0,0,1703845,377506,0,0,0,0,0,0,0,161933,0,4234290,7773037,0,246313,0,0,4029807,1556739,8370767,0,0,0,732665,13731641,0,2693554,510458,3000612,72790,397992,98714,0,17396,0,1029767,0,426301,57854,0,7021664,1738757,1703337,648813,41217,0,324088,0,2246764,0,0,4778290,0,0,2022533,0,0,0,7359688,0,0,0,0,138555,0,1675080,109788,0,0,0,0,0,0,0,6697932,284417,2020611,0,49100,0,0,0,2250818,0,0,129141,258819,252317,0,66659,647069,15821,43623,0,0,0,0,0,0,1144186,0,434981,0,0,0,127907,0,0,0,0,1419139,0,141673,770608,0,0,0,463952,0,627375,0,32991,0,0,606982,0,0,0,5738774,0,304176,240482,661206,439248,0,16451,0,7499,537221,0,554661,285261,337719,455771,0,0,0,40393,0,248229,0,0,12092544,519468,0,0,559,0,0,0,76103,0,5848032,0,0,0,1039392,683716,0,0,327179,143042,232252,271933,276109,whole organism,Glucose/O2 limiting,0.07,Internal/Endometabolome
47_1,11834808,16421192,2460026,0,2247360,38935845,0,0,0,17654210,1532698,2013373,1554868,0,0,0,2795481,0,3517239,0,0,0,0,1673862,0,0,210715,0,8396622,0,0,2841691,768706,0,0,0,0,456886,0,0,3521731,13487968,20963001,2928588,0,0,0,0,1305892,0,28588837,169513,28924,12596581,0,0,0,0,981811,19088233,1646272,0,2921622,0,0,3853491,270098,0,1811321,4367430,0,29668237,29668237,875498,0,0,0,0,0,0,243646,0,0,88737,1561389,0,0,396162,4749359,36087,148786680,0,0,9065910,0,0,202976,0,4558983,110992275,0,1114802,131427,2232599,0,8429596,0,1545084,0,479413,0,3477922,3477922,3477922,3499521,0,0,0,19877339,0,2440795,324938,0,9342544,206560,66309,6050081,480730,0,161500,1521614,0,376714,0,328747,0,0,1337348,97654,0,605952,0,992748,114452,114452,114452,0,0,206200,0,741679,1401066,1480887,0,0,1191507,0,0,0,0,0,0,0,0,21719525,0,179543,0,0,0,389137,0,13038292,338625,0,0,1202909,466255,0,331784,320513,3121494,0,3054621,922009,1406108,0,7610758,0,2651257,0,21632086,0,0,0,0,0,31907133,0,31852,132938,0,60053,0,0,0,0,0,2029421,247062,0,0,1410903,0,18388682,374719,1169241,587610,0,0,8028186,35345,0,0,1843539,4403489,2487765,5104637,1843539,211203,0,5812184,12746367,0,1519893,514646,3019610,0,0,106677,0,0,0,8336439,0,106597,0,0,4739425,1334951,1631121,739405,44251,0,307906,0,2535079,99219,0,4532129,0,110864,1976561,935181,0,0,8615998,202515,0,0,0,0,0,4656097,0,0,0,0,0,95305,0,0,6313431,368507,0,0,45406,0,0,0,437942,0,0,126068,250364,63502,0,64413,622559,18120,50480,0,0,156027,0,84763,0,1682713,0,445633,0,0,0,133756,0,146194,146194,0,1343789,0,1863905,723872,735975,0,0,432386,0,374058,0,30161,0,0,327043,0,0,0,5529701,155247,307277,261663,757533,753020,0,659541,0,30406,0,0,504888,278271,337514,243086,0,0,0,35082,0,247097,0,35082,12233193,209013,0,0,637040,0,0,1111,106928,0,5341949,122921,0,0,993952,3415644,0,0,255697,133533,229544,253740,0,whole organism,Glucose/O2 limiting,0.07,Internal/Endometabolome
48_1,13107105,4097003,0,5883753,7778644,42580185,4305314,0,0,19685062,1459681,2182504,1741051,27281,2155328,0,2851159,0,3713218,0,1031311,661141,0,1983546,0,0,0,159734,8560998,0,0,2971411,830444,0,0,0,0,0,0,0,1238544,4820713,78986386,3195248,0,0,0,0,1128805,0,25791692,159242,105292,11610275,0,0,0,0,1135625,21508751,0,0,3280657,0,0,3502409,286833,0,2101636,3746209,0,29472153,29472153,0,0,190777,0,0,0,0,0,0,0,123004,1616847,0,0,0,3825592,62960,154377859,0,0,9905640,0,0,0,0,4741683,103950785,32315888,19505,363125,2510737,0,0,0,1298735,1335879,512183,0,0,0,0,3103076,0,906655,906655,21266875,3773364,2627290,302827,0,9322460,110370,52506,5384773,546405,0,168780,1350527,0,0,0,339347,0,45753,1295771,78467,0,490532,0,1080493,123459,123459,123459,0,0,222889,0,714938,1307516,0,0,0,0,0,0,0,0,0,0,0,0,16644560,0,0,0,0,0,403850,0,11535972,476466,0,0,1280174,273055,0,306328,0,1446953,0,3146559,914024,1506491,0,3221803,0,2796777,0,7905670,87549,0,0,0,0,33290295,0,28696,104748,0,56104,0,0,0,0,0,1967852,247626,0,0,1220458,0,12065612,389514,911261,336593,0,3272656,0,0,0,0,2056785,3931410,2493386,5711190,2056785,169624,0,5776520,9885093,0,1623346,197725,2061942,0,0,74991,0,13159,0,7795425,0,0,0,0,5206498,1528835,231786,514336,30310,0,232177,0,2695029,0,0,3693212,0,0,1961901,945562,0,0,8142889,184775,52098,0,0,148412,0,2472759,167483,0,0,86548,0,0,0,7070,5899689,374311,2606848,0,27255,0,15493,0,2632813,639501,0,107815,258669,45958,0,0,665241,0,51899,0,0,169771,0,102920,0,1295257,0,383498,0,0,0,175086,0,102155,0,0,1224368,0,0,656315,678405,0,0,401728,0,292620,0,29698,0,0,243467,0,0,0,4632546,0,290011,248384,0,92753,0,560138,0,13133,54117,0,417872,230328,290084,0,0,0,0,0,67676,223626,0,0,24384693,0,0,0,0,0,0,0,78272,0,3661691,0,0,0,791439,465529,0,0,227886,88233,172323,223932,270465,whole organism,Glucose/O2 limiting,0.07,Internal/Endometabolome
49_1,10270650,12774475,0,0,3066029,0,4503091,72818929,0,19062173,1001427,2109509,1469330,44349,2150467,0,2896787,0,3572549,471915,0,0,0,1742166,0,0,388328,0,7954346,0,0,2872835,755338,0,0,0,0,513763,0,0,3600959,14535407,77824315,3083024,0,0,0,0,1103073,0,10215748,135167,37924,12157546,0,0,0,0,1062751,18743387,0,122523,670037,0,0,4628765,142367,0,1651005,2768405,0,6461934,0,881141,0,71843,0,0,0,0,167554,0,0,0,427738,0,0,94438,820863,55307,140918670,0,0,4448461,0,1537595,79990,0,0,106475210,2552862,47726,0,1055911,0,5546894,0,836342,0,453168,0,2080222,2080222,2080222,1889150,0,0,0,21013099,3560585,947112,259298,0,9445723,42390,116878,3555528,0,0,0,902585,0,0,0,184340,230398,0,1129169,0,0,285711,0,1037970,204579,204579,0,0,0,216973,0,1078346,1007822,700997,0,342416,703162,0,0,700491,0,0,0,0,0,17054201,0,127683,0,0,0,454092,0,5435314,358392,0,0,755531,0,0,106778,197236,2424024,0,1915138,0,1290617,0,1058578,0,1080578,0,2707617,0,0,0,0,0,24646889,0,27971,0,0,50185,0,0,0,0,0,774809,185579,0,0,0,0,12322552,157396,0,779769,0,1544766,1995016,0,177384,0,2405222,5112498,1374956,7767980,2405222,0,0,987047,10338978,0,2571889,0,2138529,57468,52277,125280,0,0,0,1260724,0,0,0,0,5483962,1941542,0,595232,34448,0,328073,0,0,0,0,3467189,0,0,1133230,791666,0,0,3122353,139955,0,0,0,84568,0,3964395,160199,0,0,0,0,0,0,0,7247035,169765,1283687,0,0,0,0,0,254653,0,0,110621,239893,47225,0,53131,670814,0,33424,0,0,104723,0,182762,0,665962,0,417924,0,0,0,95597,0,116672,116672,0,1692428,0,0,650971,0,0,0,375100,0,592086,0,0,0,0,636276,0,0,0,4870120,0,272875,0,292169,1988669,0,495743,0,75424,65144,0,481319,192598,121877,437646,0,0,0,14759,0,237433,0,0,106474145,388446,0,0,1122,0,0,1122,34313,0,7317771,183485,0,0,995967,0,0,0,104314,226684,124687,109317,283444,whole organism,Glucose/O2 limiting,0.1,Internal/Endometabolome
50_1,12780814,15157602,2642009,0,5959582,39272071,0,66079572,0,18884181,982417,2020257,1459172,83683,0,0,2654521,46406,3366966,0,0,567905,0,1918072,0,0,190268,0,7818646,0,0,2678971,805247,0,0,0,0,432051,0,0,0,0,61077137,2878200,0,0,0,0,0,0,12790912,147890,101168,11414304,0,0,0,0,1058906,20540163,0,239356,0,0,0,3323934,60463,0,1839489,3499379,0,10131363,10131363,831734,0,128448,0,0,0,0,0,0,0,0,458694,0,0,213547,0,51447,154313367,48520,0,5165266,0,0,0,0,2239885,93676701,0,489042,71489,1315989,0,5661155,0,1019518,0,420013,0,0,0,2847175,2302440,0,0,647640,20544781,6705709,1301534,243393,0,8626352,39645,0,5456847,0,0,58911,1383103,0,500212,340131,324238,19379,0,1163055,0,276034,0,0,973287,208288,208288,208288,0,0,205211,0,638284,954364,645958,0,0,1355842,0,0,227568,0,0,0,0,0,16353879,0,126552,0,0,0,527795,0,7898187,429851,0,0,1001222,355185,0,174324,180295,1846798,143760,2318605,0,1507258,0,2407228,0,1494686,0,8053713,0,0,4517,0,0,27199906,0,29361,0,0,0,0,0,0,0,0,1237074,0,71923,112531,233294,0,0,0,0,0,0,0,1299229,26309,185563,391284,0,6110310,2644992,8854444,2470765,0,0,216822,6716662,0,2756081,105571,1808434,0,90245,81254,0,10351,0,85029,0,0,0,0,7655712,2985278,1296058,931140,30067,0,234606,0,715746,46782,0,2926618,0,0,628882,0,0,0,4799685,168952,84940,0,0,86912,0,2391682,127680,0,0,70682,0,0,0,0,7119872,217625,0,0,0,0,157530,0,1791759,504212,0,100100,235250,24064,0,73178,668023,0,26750,15388,0,122087,0,207767,0,520751,0,509338,0,0,0,117551,0,82610,0,0,1628062,0,0,642764,810042,0,0,0,0,414294,0,17712,0,0,401571,0,0,0,4393190,0,238710,206953,407427,288833,0,475781,0,15161,63471,0,419307,224432,149242,286896,0,0,0,0,0,249768,0,8771,8220263,65626,0,0,0,0,0,36351,0,0,5070726,170519,0,0,946865,203496,0,0,54559,142010,219800,178727,246067,whole organism,Glucose/O2 limiting,0.1,Internal/Endometabolome
51_1,12037310,15108079,202321,5080398,5919254,439124,525614,88125447,0,18791279,0,2001694,1409344,80999,2061585,0,2705760,0,3258365,0,973205,0,0,2976438,0,0,0,0,7329334,0,0,2600513,231310,0,701196,0,0,0,0,0,981343,3846587,59648354,2802805,0,0,0,0,1510275,0,25630911,0,0,12612705,0,0,0,0,980282,0,0,0,1039474,0,0,5291598,75777,0,2160610,2862286,0,9516151,9516151,786629,0,147229,0,0,0,0,0,0,0,0,627451,0,0,882869,1419970,0,146388768,0,0,6542498,0,0,170200,0,4446847,32590962,3704518,15947,0,2146975,0,4599252,0,1381393,0,416094,0,37824,0,2805257,2976925,12282,0,556246,19926800,3547962,1312385,258225,0,8590441,51199,0,4845149,0,0,0,1230465,0,577864,124506,287985,29496,0,1178688,0,301717,0,244551,948232,568015,568015,568015,0,0,202835,0,824052,1269238,0,0,0,1056519,0,0,0,0,0,0,0,0,30308144,0,116393,0,35598,0,535456,0,9348539,456348,0,0,1518636,685108,0,222390,0,3690605,0,3294334,0,1375451,0,18761685,0,0,0,43781852,0,0,0,5440,0,28916092,0,0,142140,0,92104,0,0,0,0,0,1980698,390402,0,0,0,0,12060627,266027,1067603,0,0,0,0,0,224406,470883,2354602,6823701,0,9554280,2354602,0,0,0,0,0,2870843,679079,4362560,0,0,185341,0,0,0,411341,0,0,0,0,5609206,3280365,2400585,973954,52772,0,522335,27265,860111,101138,0,6152345,0,0,541901,0,0,0,4342373,127158,144070,0,0,106619,0,2126844,116738,0,0,0,0,0,0,0,9671049,247966,1774777,0,182322,0,0,0,91004,0,0,140591,294860,239822,0,96056,655444,12250,33168,0,0,133590,0,0,0,756520,0,771868,0,0,0,108095,0,171476,171476,0,2386169,0,2052995,617706,719258,0,0,418881,0,1164410,0,26054,0,0,1329418,0,0,0,5979394,0,0,219958,561108,1018486,0,526826,0,25587,0,0,655573,317150,153447,805492,0,0,0,0,0,383086,0,0,107267287,441915,0,0,4511,0,2495,4511,99408,0,9149847,300440,0,0,2165240,435360,0,0,1080665,353244,241352,186962,346397,whole organism,Glucose/O2 limiting,0.1,Internal/Endometabolome
52_1,13221370,0,0,0,8765010,0,3348094,88691088,0,21128480,1661011,2248672,1204995,56860,2071853,0,2636601,0,3655089,0,0,596115,0,2487895,0,0,0,0,8398615,0,0,2980747,0,0,0,0,0,0,0,0,3520940,14754600,54944173,3097761,0,0,0,0,1542631,0,24933147,0,0,14763156,0,0,0,97706,0,20666505,1384390,0,1205938,0,0,5730966,162328,0,2434954,5016583,0,11389289,11389289,956379,0,0,0,0,0,0,0,0,0,0,793812,0,0,875743,0,95086,0,0,0,0,0,86223,586490,0,4376383,123941890,0,567974,0,2371871,0,5393311,0,1786430,0,509264,79715,0,0,3065332,3588815,0,705824,705824,23076481,4442721,1563241,271585,0,10414132,0,0,8015220,0,0,0,2032622,0,598420,402633,490152,520091,0,0,0,0,927475,282822,1143983,642807,642807,642807,0,0,239502,0,837404,1426843,1751405,1093818,0,1093818,0,0,1301117,0,0,0,0,0,29987055,0,123358,0,0,0,489737,0,9993521,0,0,0,1714753,724828,0,221196,0,3081630,277914,3697105,950405,2181458,0,21350797,0,0,0,41940058,0,0,11892,0,0,33518417,0,63624,164142,0,100764,0,0,0,44809,0,2110941,352850,0,0,442421,0,19754611,256033,0,3286,12099,4068897,0,54725,239194,313287,2680140,5601269,0,9822450,2680140,0,0,0,15138222,0,2934439,549706,3852049,76779,514719,181079,0,11348,0,1053280,0,88715,0,0,0,4058045,0,1241683,0,0,468534,14546,672547,0,0,6284420,0,564883,664777,226381,0,0,4610152,0,0,0,0,0,214538,2365431,0,0,0,0,0,0,0,0,10330802,219673,1571334,0,162178,0,0,0,230534,0,0,131705,290037,223640,0,101775,719270,6300,31486,0,0,196173,0,162905,0,1183312,0,976087,0,0,0,111005,0,173937,173937,0,2500398,0,1932012,614350,815971,0,0,419922,0,1102857,0,0,0,0,1241326,0,0,0,6235456,127110,315729,276229,551013,1005577,0,613042,0,33351,0,0,637385,0,160660,784306,0,0,0,0,0,382127,0,10389,106211693,497897,0,0,2234,0,0,9699,112278,0,9304146,0,0,0,2070671,94117,0,0,1229749,349891,350386,151180,0,whole organism,Glucose/O2 limiting,0.2,Internal/Endometabolome
53_1,12562506,3640021,0,5024395,7022125,40096584,4426077,0,0,19695997,1241068,2077497,0,47988,2027028,0,2627778,0,3347169,0,916946,0,0,902715,0,0,0,0,7659979,0,0,2655913,808232,0,732304,0,0,0,0,0,3289019,5101911,0,2872078,0,0,0,0,1158284,0,20919468,151934,92825,12267456,0,0,0,0,1023535,19195353,0,0,1197363,0,0,0,0,0,2284580,3395629,0,10868157,0,829433,165284,0,0,0,0,0,0,0,0,0,652431,0,0,518529,1591976,52460,152737533,0,0,7317850,0,3459475,0,0,3846457,34304658,0,513884,0,2119542,0,5807698,0,1468444,0,427928,0,0,0,2836064,0,13090,1085872,1085872,21438567,4124565,1465219,0,0,8695332,47656,0,5465657,0,0,63651,1391077,0,637289,0,344880,0,0,0,0,0,733186,236516,983090,526283,526283,526283,0,0,210266,0,830485,1157744,1616393,0,627053,1250323,0,0,0,0,0,0,0,0,26968002,0,131886,0,0,0,563558,0,10742775,462254,0,0,1621303,621916,0,227497,0,2683728,237240,0,0,1836452,0,11031453,0,3507927,0,29506079,0,0,0,0,0,32059276,0,0,0,0,84493,0,0,0,0,0,2306626,363104,0,0,448110,0,6577630,0,0,642267,0,0,0,37290,218434,188380,2761236,6747578,2313888,9352853,2761236,0,0,845940,11912761,0,2833037,400620,3515833,0,379999,145641,0,0,0,965109,0,0,0,0,5667177,4482587,2013486,994520,44617,0,424243,0,1005087,0,0,5265810,0,0,0,1213654,0,0,4955947,140658,137964,0,0,98502,0,2668167,0,0,0,0,0,0,0,0,9208508,251609,0,0,107520,0,0,0,52330,0,0,129773,293555,208491,0,95427,695294,0,0,0,0,157512,0,0,0,910768,0,911284,0,0,0,117256,0,141148,0,0,2176991,0,0,645887,791710,0,0,385557,0,865480,0,28830,0,0,948362,0,0,0,5753667,0,303811,249909,584815,737779,0,736146,0,20946,87146,0,535978,294459,145870,608392,0,0,0,27222,0,354614,0,27222,56487002,519423,0,0,0,0,0,26694,56304,0,7769560,236668,0,0,1699525,89864,0,0,321254,283321,366216,197379,359489,whole organism,Glucose/O2 limiting,0.2,Internal/Endometabolome
54_1,13635295,16789425,0,5096646,1769259,34951978,4169060,74816308,0,17947223,1165264,1931132,370175,0,1931530,0,2545240,0,3058142,0,844389,0,0,2643666,0,0,0,0,6976082,0,0,2452985,182714,0,0,0,0,388855,0,388855,2974538,12433216,93764248,2659717,0,0,0,0,1265844,0,16413242,221427,30556,12478144,0,0,0,0,0,23633748,0,0,892227,0,0,0,227960,0,1676087,3497092,0,0,8243262,760345,0,93600,0,0,0,0,164992,0,0,0,473815,0,0,469212,1288163,60150,158791999,0,0,5242790,0,0,0,0,0,121203096,0,49594,0,1432436,0,4576641,0,925453,0,391503,0,2712431,0,2712431,2069721,0,0,664209,20792748,3315274,1207266,240769,0,8276536,47784,0,3908141,0,0,48867,1005550,0,464791,0,246352,287341,0,0,0,0,317450,198437,902304,231213,231213,0,0,0,185252,0,752617,1151737,730481,0,0,916114,0,0,496616,0,0,0,0,0,18573476,0,94978,0,20132,0,0,0,6550288,429500,0,0,962082,472057,0,142374,202079,1826532,165956,1004091,831001,1135259,0,8301177,0,762042,0,24093952,0,0,0,0,0,27702133,0,0,0,0,62613,0,0,0,0,0,0,0,0,0,0,0,12778447,0,1115325,0,0,0,1949975,41517,203974,439116,0,5749044,15984,9634907,2086138,0,0,779748,10841681,0,2950665,0,2510581,312094,0,136153,0,0,0,846912,0,510796,0,0,7176118,2724286,1855954,580728,0,0,368408,0,772889,0,0,3787402,0,0,629140,0,0,0,4296500,443438,0,0,0,0,0,0,141143,0,0,0,0,0,0,0,7792830,190878,0,0,0,0,0,0,187796,0,0,133711,290086,209548,0,78901,719317,0,32726,0,0,102096,0,166481,0,672165,0,886409,0,0,0,86675,15226,120335,120335,0,1944559,0,1948103,578567,605849,0,0,0,0,646307,0,20664,0,0,685868,0,0,0,5749422,0,278005,227728,398737,676352,0,667456,0,22813,0,0,511589,283066,168829,445440,0,0,0,11735,0,366605,0,13921,4670926,470344,0,0,24028,0,1546,24028,90501,0,7696463,247638,0,0,1421519,411104,0,0,685282,298516,0,148440,0,whole organism,Glucose/O2 limiting,0.2,Internal/Endometabolome
55_1,8074329,0,0,0,3930811,1066172,2551995,21478840,1800528,19120458,2336693,1800528,1242878,512235,0,0,2027016,0,2438556,0,0,471794,0,5297343,0,0,0,88886,6077569,0,0,2181659,0,0,644406,0,0,0,0,0,2644775,11443778,16377500,2096988,0,0,0,0,0,0,120533,299654,286872,9377662,0,0,0,265892,0,30067609,0,0,0,0,0,931502,138532,2095571,2468052,2927258,0,385931,0,608130,0,229818,0,0,0,0,0,56007384,0,0,0,0,0,0,0,98868,4509387,0,0,24088,0,0,0,47511,0,0,0,0,0,0,0,0,0,0,877635,0,0,0,0,2254788,0,0,0,39788,21954706,56588,3919908,0,0,8455804,0,0,19140913,0,0,0,4970571,0,50777,0,569162,0,293548,59587034,0,229924,0,54708,800423,45716,0,0,0,0,154574,0,0,310193,0,0,0,0,0,0,0,0,0,106991,106991,0,141128,0,0,0,317783,0,824706,0,0,115296,0,0,2709530,0,3371624,0,0,0,10952,100253025,456863,0,0,0,0,0,546390,0,0,41363,0,0,1256779,674297,455704,0,0,0,174006,2629825,0,50038,0,0,0,0,0,0,0,128068,1361335,0,95849,0,0,4482610,0,0,0,0,5698192,0,0,9444574,5698192,42462,0,3422325,8331542,0,0,0,0,27281,0,0,0,0,1516967,3055295,0,200362,0,0,3125020,0,27167,0,9781,0,3839732,0,0,3508696,0,56229384,0,0,0,0,0,0,0,20355,4710,0,0,0,0,192851,0,72577,0,226470,0,0,11314,339956,3647346,0,125316,0,0,0,56288,0,116342,0,0,28031,272634,116342,0,51102,636984,0,0,0,0,0,0,0,0,0,0,102279,0,0,0,0,0,0,0,0,488037,0,379304,499674,307615,0,0,79083,7010,27344,0,0,0,0,12226,0,0,0,981597,0,0,0,0,512459,0,218411,0,81922,0,0,322373,0,0,0,0,0,96968,24208,96968,16445,0,707075,15661908,31757,1147814,0,0,0,102026,502417,0,7489,239358,0,15154,7717,0,0,0,0,48200,0,0,49040,30076,exometabolome,Carbon limiting,0.07,External/Exometabolome
55_2,8647946,0,0,0,651895,523547,3038221,26105644,0,0,2543238,0,1250002,540630,0,0,0,0,2313667,0,0,491310,0,219237,0,0,0,64665,6333355,0,0,2417205,692358,0,0,0,0,0,0,0,9093941,36899134,18424821,2231624,0,0,0,0,0,0,484552,324032,0,10048387,0,0,0,0,0,31660685,0,0,0,0,0,960966,184700,2317257,2770350,3039137,0,0,333364,627495,0,245989,0,0,0,0,0,55545476,0,28013,0,0,0,0,0,0,4205524,0,0,0,0,0,0,0,0,26838548,0,82750,0,0,0,0,0,0,900768,353111,0,0,0,0,0,656989,0,45679,22868309,474436,4206076,0,0,9158872,174938,0,20217361,0,0,110938,5255658,0,0,214102,614053,0,1486300,58821195,0,26161,0,126216,0,0,0,0,0,0,45306,0,0,330870,0,0,0,0,0,0,150130,0,0,0,0,0,0,87300,0,0,346942,0,851562,0,125257,94662,0,0,2919935,0,17958860,0,0,0,11492,93813552,0,0,0,0,0,0,586938,0,0,0,110806,110806,1872740,587052,480072,0,0,0,185249,3801307,0,65378,0,0,0,0,0,0,0,512540,1369586,27523,110751,0,0,4837694,0,0,65409,0,6976470,16429,0,0,23772844,0,0,5290574,8380458,0,0,0,0,34851,0,17418,0,0,1694526,3364779,0,203316,0,0,5333673,0,0,31272,11095,0,4468968,0,0,1524238,0,60093533,0,0,0,0,0,0,0,82466,0,0,0,0,0,0,0,70536,0,2844454,0,0,13902,342716,4229647,0,105205,0,0,0,29172,0,113075,0,0,22564,242508,113075,0,63645,661681,0,19194,24008,0,0,0,0,0,0,0,27808,0,0,0,0,0,0,0,0,583030,0,257091,412091,384592,0,0,0,0,5761,0,0,0,0,7451,0,0,0,513096,0,0,0,0,278960,0,93558,0,81135,0,0,0,0,0,0,0,0,208422,41308,101509,0,0,707934,15466384,0,0,0,0,0,96531,496975,0,9042,219791,0,0,0,0,0,131900,0,0,0,0,45212,0,exometabolome,Carbon limiting,0.07,External/Exometabolome
55_3,7867021,0,0,0,3566856,0,2221363,20891839,0,0,2474454,1755130,1214222,504987,0,0,0,52384,2430068,0,0,0,0,5068152,0,0,0,0,5915575,0,0,2185933,0,0,614654,0,0,0,0,0,3006299,0,17095649,2050796,0,0,0,0,0,0,383831,293724,0,9166658,0,0,0,265886,0,27109432,0,0,0,0,0,901447,0,2033906,2388860,2860008,0,310094,0,587600,0,222513,0,0,0,0,0,66240977,0,0,8086,0,0,0,0,0,3678580,0,0,0,0,0,0,44876,0,122455308,0,0,0,0,0,116101,0,0,850079,311368,0,0,0,0,0,599239,0,57315,21718839,444705,3780098,0,0,7945079,161307,0,18651571,0,0,100211,4838688,0,0,0,566275,0,1395515,58349990,0,12157,0,118671,776193,548482,0,548482,0,0,0,0,0,299174,47656,0,0,305796,0,0,20062,0,0,0,0,0,81368,0,14042,0,312403,0,897295,0,97296,108051,0,0,2643583,0,3083417,0,0,0,36334,102142891,0,0,0,0,0,0,539021,0,70796,39173,44465,108561,2006517,553788,433609,0,0,0,172713,3998167,0,61782,11521,0,0,0,0,0,0,475422,1379989,28115,100027,0,0,4358770,0,0,7368,0,5053192,13654,0,0,0,40531,0,3325162,8045522,0,0,0,0,82042,0,19769,0,0,1507048,3216133,0,185218,0,0,138262,0,2438512,0,9332,0,4114881,0,0,3397352,0,55812362,0,0,0,0,0,0,0,80098,0,0,7008,0,0,111590,0,0,0,193066,0,0,13753,324418,4263370,0,111928,0,0,0,0,0,416458,0,0,16601,224943,106154,0,66219,624362,0,0,8889,0,104695,0,0,0,0,0,0,0,0,0,0,0,0,0,0,609929,0,0,410558,409487,0,0,53013,0,8676,0,0,0,0,90350,0,0,0,369501,0,44240,0,0,174470,0,58743,0,74482,24896,0,355905,0,0,0,0,0,196799,24754,91232,0,0,696974,15356458,7869,0,0,0,0,141906,482731,0,6606,347797,0,0,0,0,0,0,0,0,0,0,42120,0,exometabolome,Carbon limiting,0.07,External/Exometabolome
56_1,12769506,0,0,0,0,0,0,0,0,0,0,0,66288,165730,0,0,0,0,0,0,0,0,0,0,0,0,0,0,6826071,0,1850141,1466710,0,7505657,0,0,0,0,0,0,5251975,0,437705,0,0,0,0,0,0,0,0,0,0,0,0,0,0,406682,0,0,0,0,0,0,0,0,0,0,2217440,0,0,0,854817,0,0,255468,0,0,14073603,0,0,53749682,0,0,0,0,0,0,0,65207,0,0,0,0,0,0,0,0,0,2430,0,0,0,0,0,98985,0,0,300978,372295,0,0,0,0,0,738322,0,75343,23949243,162001,4802861,148462,0,11794395,196363,82342,40300425,0,0,115696,11010034,0,0,86762,1153928,0,1811811,72635097,0,0,0,49976,159262,86822,0,0,0,0,0,0,0,220670,0,0,0,1023008,0,0,0,0,0,0,0,0,0,152970,0,0,187481,0,1220557,0,0,135316,0,0,1778517,0,0,0,0,0,50820,0,0,0,0,0,0,0,493784,0,0,0,0,91552,653949,378751,306798,0,0,0,148650,1222009,0,56288,0,0,0,0,0,0,0,750390,2291489,0,189915,0,0,4824658,0,0,22117,0,12967386,0,0,11708710,18416370,37208,0,2339441,13376768,0,0,9915,0,0,0,51428,0,0,1607215,0,0,137568,0,0,4624842,0,2653647,0,140596,0,5163164,0,0,2231628,0,93190784,0,0,0,0,4156,0,0,31629,0,0,0,0,0,0,0,13998,0,611539,0,0,0,369801,1641741,0,67147,0,0,0,54740,0,0,0,0,23758,159040,0,0,24131,755074,0,0,23341,0,0,0,0,0,0,0,10779,0,0,0,25660,0,0,0,0,190370,0,99263,283826,0,0,0,0,0,19304,0,0,0,0,22759,0,0,0,226222,0,0,2293,0,2532,0,25894,0,83163,0,0,257844,0,0,21473,0,0,0,957914,0,25501,0,957914,20600866,34494,0,0,0,0,195033,642511,0,10561,285602,0,74965,0,0,3551350,172802,0,0,0,0,31044,0,exometabolome,Carbon limiting,0.07,External/Exometabolome
57_1,9452040,0,0,0,0,2596643,2902211,23441443,0,0,1623721,1791807,1087938,485606,2275597,0,0,0,2245413,0,0,483579,0,0,0,0,0,0,6276132,0,0,2463309,0,0,0,0,0,0,0,0,10385154,0,12030703,2172160,0,0,0,0,0,0,532902,317020,0,10249100,0,0,0,0,802483,33929654,996228,0,0,0,0,891757,0,2227826,2805505,0,0,297410,288463,0,0,203734,0,1802750,0,0,0,70241054,0,0,0,0,0,0,0,0,2646578,0,0,13492,0,0,0,0,0,43322320,0,83791,0,0,0,0,0,0,816352,332414,0,0,0,0,0,624234,0,0,22435220,0,0,0,0,9210326,0,0,17746385,0,0,0,4585668,0,0,202042,453670,0,1420628,58950343,0,237092,0,12147,0,617532,617532,0,0,0,125847,0,0,360966,0,0,0,431105,0,0,128214,19872,0,0,0,0,0,0,9810,0,349025,0,991387,0,0,69948,0,0,2803061,0,0,0,0,0,13971,162953252,0,0,0,0,0,0,0,0,0,49095,0,128123,1020519,546987,463808,0,0,0,256321,2154231,0,118099,0,0,0,0,0,0,0,640665,1627101,0,134788,0,0,5440180,0,0,14968,0,3118861,5068,0,3434446,28675629,0,0,2932178,11928147,0,0,12479,0,0,0,0,0,0,1469227,2967329,0,123997,0,0,4977642,0,2198246,0,13337,0,5479428,0,0,857893,0,60577376,0,0,0,0,0,0,0,95152,0,0,0,88361,0,0,0,75795,0,3028437,0,0,9885,347519,2704489,0,95742,0,0,0,56073,0,129366,233169,0,0,0,129366,0,35302,607261,0,0,19922,0,0,0,0,0,0,0,0,0,0,0,19367,0,0,0,0,360653,0,0,306664,185067,0,0,0,5524,0,0,0,0,0,0,0,0,0,154604,0,0,39867,0,72958,0,0,0,62714,15793,0,0,7323,0,0,0,0,0,29411,82169,28096,0,760110,15638334,20239,0,0,500472,0,158571,500472,0,7344,341947,0,0,0,0,483854,128553,0,0,0,0,31523,0,exometabolome,Carbon limiting,0.07,External/Exometabolome
58_1,23644606,0,0,0,0,0,0,0,0,0,0,0,57713,0,0,0,0,0,0,0,0,0,0,0,0,0,0,0,1573600,359222,2084065,269359,0,6390256,0,14420741,0,0,0,0,6811245,0,875371,326681,0,0,0,0,0,0,70170,0,0,1854491,0,0,0,0,0,113445,0,0,0,90213,0,0,0,4853056,0,0,0,0,288679,0,0,3266767,357952,0,4055596,0,0,54158657,0,0,0,0,751686,0,0,0,0,1043097,0,0,0,0,0,170154,0,25132606,0,5397,0,0,0,0,0,0,1613420,314721,0,0,0,0,0,970764,0,69403,20467036,102665,7503742,0,0,8165564,371572,0,34252076,0,0,0,9348466,0,0,88104,1738506,0,3220506,74109532,0,0,0,34325,33150,528803,0,0,0,0,12716,0,0,753408,0,0,0,3392163,0,0,0,0,0,0,0,0,0,216861,0,0,397881,0,2896262,0,0,0,0,0,3515655,0,9924754,0,0,0,13862,120041135,411840,0,0,0,0,0,1202614,0,5820,248357,159731,159731,0,171620,800640,0,0,0,1396784,1972167,0,0,0,0,0,0,0,0,0,514408,1436832,0,129936,0,0,6404157,0,0,47125,0,21013065,0,0,11654059,21013065,74616,0,0,14866216,0,0,0,2079072,0,0,58295,0,0,3786786,0,0,0,0,0,2147431,0,510593,22236,10337,0,7293896,0,0,6738994,0,84108935,0,0,0,0,0,0,0,36425,0,13821,0,0,0,0,0,30550,0,938218,0,123394,0,748126,2263635,0,42376,0,0,0,54106,0,0,0,0,0,35776,0,0,24647,648102,0,0,23340,4487,8497,0,0,0,0,0,0,0,0,0,0,0,0,0,0,270159,0,80403,250314,0,0,0,0,42121,0,0,0,0,0,20566,0,0,0,94604,0,33697,28360,0,47524,0,16145,0,34158,0,0,236950,0,0,0,0,0,138476,44335,53022,0,0,1914473,3674216,33643,0,0,523258,0,181032,523258,0,0,278162,0,148426,77343,0,3509252,361734,0,0,0,0,0,0,exometabolome,Carbon limiting,0.1,External/Exometabolome
59_1,26980346,0,0,0,0,0,0,0,0,0,0,0,130280,391903,0,0,0,0,0,0,0,227890,0,0,0,0,0,0,1042475,341281,1901065,604239,0,0,0,26412436,0,0,0,0,13296659,0,6392500,0,0,0,0,0,0,0,0,0,186134,8349388,0,0,0,0,0,43770102,0,0,0,301340,0,0,0,3948446,3740908,0,0,143534,415075,0,0,0,335477,4189441,0,0,0,54064191,0,0,0,0,0,0,0,0,2236706,958056,0,40790,0,0,0,150152,0,145555414,0,87468,0,0,0,0,0,0,1376836,304138,0,0,0,0,0,71705,0,0,20010019,0,6290548,0,0,7855943,311667,0,32184086,0,0,0,8778551,0,0,113768,1719939,0,2694531,69129622,0,0,0,24266,695357,797045,0,0,0,0,0,0,0,681334,0,0,0,1476082,938226,0,0,0,0,0,0,0,7773,212314,0,0,348449,0,2842412,0,0,55917,0,0,2992795,0,8117585,0,0,0,46736,110407340,0,0,0,0,0,0,0,0,0,217479,132163,127451,1593696,226241,675596,0,0,0,1187888,2895859,0,0,17109,0,0,0,0,0,0,237850,1805258,0,130663,0,0,8277993,0,0,11588,0,19800029,0,0,9223805,19800029,0,0,0,16380498,0,0,0,0,0,0,0,0,0,3385226,0,0,0,0,0,2646033,0,340143,0,200061,0,6952172,0,0,4788072,0,86776966,0,0,0,0,4537,0,0,42529,6742,22640,0,0,0,0,0,0,0,718881,0,0,0,667293,3113224,0,40996,0,0,0,42432,0,0,0,0,0,0,0,0,43576,638934,0,0,0,5771,9672,0,0,0,0,0,0,0,0,0,0,0,0,0,0,384190,0,9355,266384,259675,0,0,0,42885,0,0,0,0,0,0,0,0,0,90746,0,27244,27941,0,39756,0,11316,0,45141,0,0,187263,0,0,0,0,0,54330,49879,54330,0,0,1737289,3411156,33907,0,0,473288,0,170083,468137,0,0,368455,318038,51946,27126,20836,0,323412,0,0,0,0,24797,0,exometabolome,Carbon limiting,0.1,External/Exometabolome
60_1,27146346,0,0,0,0,0,0,0,0,0,0,0,117532,2147279,0,0,0,0,0,0,0,0,0,0,0,0,0,0,2291467,275272,1391043,1671605,0,202663,0,0,80673,0,0,0,54471733,0,757961,0,0,0,0,0,0,0,0,0,0,7599705,0,0,0,37461,0,0,0,135320,0,0,0,0,0,2383756,5117598,0,0,0,104358,0,0,3357102,0,0,0,0,0,41186327,0,0,0,0,12633788,0,0,0,0,0,0,0,255733,0,0,0,0,119458307,0,0,0,0,0,0,0,0,1099600,300922,0,0,0,0,0,888930,64758,0,19077220,0,7128233,0,73659,6918978,336293,0,26353838,0,0,0,7181637,0,0,0,1562411,0,3055401,0,0,30039,0,27569,502049,1393583,1393583,0,0,216737,11480,0,0,733016,0,0,0,6013806,0,0,0,0,0,0,0,0,0,110013,0,0,0,0,3291778,0,0,0,0,0,3591779,0,7830969,0,0,0,33404,116952096,0,0,0,0,0,0,1288966,0,0,544050,0,204860,1352077,0,917881,0,0,0,1828075,2002347,0,0,0,0,0,0,0,0,0,1039204,3556217,0,300176,0,0,11274447,0,0,0,0,0,0,0,9927339,0,0,0,15431134,21013170,0,0,0,0,6814,7599,0,0,21363,4807792,14176075,0,51184,0,0,0,0,314825,0,21306,0,8411571,0,0,938169,0,109592283,0,0,0,0,0,0,0,10435,0,0,0,0,0,0,0,0,0,557291,0,0,0,787619,1765902,0,52119,0,0,0,0,0,0,0,0,0,0,0,0,0,632828,0,0,0,0,0,0,0,0,0,0,0,0,0,0,24352,0,0,0,0,228561,0,0,231940,0,0,0,0,30358,0,0,0,0,0,0,0,0,0,8633,0,33107,0,0,11686,0,0,0,0,11546,0,142094,0,0,0,0,0,1102371,137520,1245732,31687,0,732113,3963754,18015,0,0,296959,0,49745,264975,0,0,546027,0,73620,37463,0,1266951,225021,20476,0,0,0,0,0,exometabolome,Carbon limiting,0.1,External/Exometabolome
61_1,25774822,0,0,0,0,0,0,21237183,0,13322631,0,0,1242107,909307,0,0,0,171096,2204857,0,0,462804,0,0,0,0,0,0,5679605,0,0,2119704,0,0,0,0,0,0,283333,0,28192627,0,1433482,1906295,0,0,0,0,0,0,0,227630,0,9673682,0,0,0,443432,510008,0,0,455729,0,492439,472888,1130737,0,621587,2586103,0,0,0,300906,0,0,4902223,0,0,251230,0,0,57977281,0,0,0,0,1129848,0,0,0,0,0,0,0,5371,0,0,0,0,154216122,0,0,0,0,0,0,0,0,0,2775268,0,0,0,4298916,0,93522,0,0,17874161,9974,1949965,0,35973,8271822,0,229673,0,0,0,0,6450761,0,0,0,729407,0,0,72320558,0,236058,0,148424,619524,2037125,0,0,0,0,37636,0,0,777142,0,0,0,3274509,0,0,0,0,0,0,0,0,26536,0,0,0,259996,0,1798724,0,0,0,0,0,1830198,0,0,0,0,0,0,47238224,0,0,0,0,0,0,941637,0,0,83509,0,78896,1464310,0,838734,0,0,0,289026,2704754,0,0,0,0,0,0,0,0,0,582184,906693,7559,383925,0,0,33772017,0,0,0,0,4437,0,0,8617794,0,0,0,375631,0,0,0,0,0,0,0,0,0,0,0,0,0,0,0,0,3696407,69153,36083,0,5874,0,751987,0,0,2858910,0,113370411,0,0,0,0,588,0,0,0,0,0,46579,0,0,0,0,0,0,8342436,0,25541,0,1030506,3127578,0,0,0,0,0,49186,0,0,0,0,0,0,0,0,41022,655234,0,0,0,5240,0,0,0,0,0,0,0,0,0,0,0,0,0,0,0,384397,0,0,297214,0,0,0,0,383350,0,0,8199,0,0,0,0,0,0,41083,0,39883,14790,0,0,0,0,0,0,15603,0,176178,0,0,0,0,0,1083800,92596,750123,0,0,2078328,351869,26510,244177,0,508164,0,183951,486351,0,9375,470738,0,0,41653,0,0,94438,21116,0,0,0,0,0,exometabolome,Carbon limiting,0.2,External/Exometabolome
62_1,18500384,0,0,0,180091,11284565,0,0,0,0,1187105,0,1126419,923923,2341934,0,0,0,2600522,0,0,497144,0,0,0,0,0,74540,5727719,0,0,2229341,0,0,430404,0,0,0,0,0,10522364,43021635,33100150,2007277,0,0,0,0,0,0,0,170867,0,10141229,0,0,0,530881,666727,19548876,0,259072,0,634875,0,1320505,0,0,2858430,0,0,0,224232,0,0,4190885,0,0,0,0,0,50683797,0,0,0,0,4578397,0,0,0,0,0,0,0,0,0,0,0,0,145762834,0,130180,0,0,0,0,0,0,0,265635,0,0,0,2937538,0,0,0,0,20398441,22804,1505419,0,0,8631081,91288,292157,19746160,0,216428,0,5149414,0,0,0,510662,0,341873,32915652,0,233482,0,189397,711156,1549853,0,0,0,0,35032,0,0,529680,0,0,0,2670588,0,0,27240,0,0,0,0,0,0,0,0,0,200258,0,1155504,0,0,0,0,0,1472826,0,244719,0,0,0,0,37112868,0,0,0,0,0,0,836949,0,0,63294,0,65697,491118,0,709602,0,0,0,235936,1029436,0,90147,13629,0,0,0,0,0,0,286346,471555,0,0,0,0,18273212,0,0,0,0,0,0,0,0,9236640,0,0,11836495,0,0,0,0,0,0,0,0,0,0,0,0,0,11938,0,0,3722453,0,34920,0,4513,0,519795,0,0,226046,0,7655339,0,0,0,0,0,0,0,32577,0,0,29049,0,0,0,0,0,0,6583705,0,0,8163,824432,1704224,0,53295,0,0,0,0,0,0,0,0,0,0,0,0,22135,651574,0,0,0,0,0,20572,0,0,0,0,0,0,0,10328,0,0,0,0,0,208356,0,31934,212278,0,0,0,0,282952,0,0,13472,0,0,0,0,0,0,0,0,25402,0,0,0,0,0,0,0,7717,0,185844,0,0,0,0,0,586501,54633,468007,0,0,1883312,250573,26240,170698,0,429104,0,157495,418594,0,0,355205,0,26721,20608,0,0,296602,10729,0,0,0,0,0,exometabolome,Carbon limiting,0.2,External/Exometabolome
63_1,24116736,0,0,0,0,0,0,0,0,0,0,0,981187,1005350,0,0,0,0,2386070,0,0,434308,0,0,0,0,0,0,5468202,0,0,1997539,0,0,0,168934,0,0,0,258193,23804401,0,41738686,1868386,0,0,0,0,0,0,0,197567,0,10750186,0,491922,0,494675,602298,0,434308,483134,0,54712,478415,1045040,0,564120,1741476,0,0,0,252827,498486,0,4780601,0,0,0,0,0,0,0,0,0,0,8307453,0,0,0,0,0,0,0,23770,0,0,0,0,12254116,0,0,0,0,0,0,0,0,0,2092608,0,0,0,0,0,0,0,31940,17883012,10309,1929054,0,0,8322977,110602,0,0,0,181329,0,6282224,0,0,0,722626,0,0,22482139,0,271994,0,0,646841,2121667,0,0,0,648228,0,0,0,795664,0,0,0,4098883,0,0,0,0,0,0,0,0,0,0,0,0,269624,0,0,0,0,0,0,0,1808677,0,0,0,0,0,0,47141501,0,0,0,0,0,0,964746,0,0,0,0,79945,1024704,57767,840588,0,0,0,309613,1707703,0,0,23126,0,0,0,0,0,0,283367,804845,0,209951,0,0,33665077,0,0,0,0,0,172505,0,0,0,418344,0,9514225,0,0,0,0,0,0,0,0,0,0,0,0,0,10098,0,0,3975625,0,138045,0,4986,0,738033,0,0,2467701,0,23391304,0,0,0,0,0,0,0,0,14965,0,0,0,0,0,0,0,0,7798580,0,0,0,961655,2113047,0,53697,0,0,0,44226,0,0,0,0,0,0,0,0,28890,678251,0,14187,0,4925,0,0,0,0,0,0,0,0,0,0,9230,0,0,0,0,249355,0,0,196601,0,0,0,0,351067,0,0,4078,0,0,0,0,0,0,9424,0,24728,0,0,0,0,0,0,0,11296,0,167254,0,0,0,0,0,474564,56809,474564,0,0,2492063,308244,36385,124601,5106,549221,0,213296,549221,0,8334,383191,0,170552,0,0,0,405470,3067,0,0,0,0,0,exometabolome,Carbon limiting,0.2,External/Exometabolome
64_1,15683046,0,0,0,0,0,0,21638749,0,0,0,0,27658349,0,0,0,0,0,1525668,0,0,0,0,0,0,0,0,0,8349112,0,0,4244829,0,0,294190,0,0,0,0,0,2176567,9374639,294400960,1556263,0,0,0,0,0,0,0,232529,67338,7631270,0,0,0,0,709838,0,0,0,0,0,0,0,0,7646170,4936404,0,0,0,200139,0,0,1748930,0,0,0,0,0,13608689,0,0,0,0,0,0,0,0,363085,5152866,0,0,0,0,0,0,0,160990219,0,71958,0,0,0,0,0,0,4939949,333844,0,0,0,0,0,948586,0,289094,20495672,0,27329699,0,49388,806487,433990,13441,24159224,0,0,542237,6437458,0,0,0,1167083,0,3574829,24453823,0,0,11822,0,0,5275964,2536039,0,0,2435871,0,0,0,1676819,0,0,0,283485,0,266969,0,0,0,0,0,0,0,0,0,0,1555363,0,0,0,0,117180,0,0,30083075,0,0,0,0,0,30513,134757483,0,0,0,0,0,0,12481726,0,0,4482548,0,1588822,0,0,7145807,0,0,0,15449152,0,0,0,0,0,0,0,0,0,0,8135499,850712,0,0,0,0,5530277,0,0,83504,0,0,0,0,0,79413,0,0,0,0,0,0,0,0,0,0,0,33774867,0,0,0,0,0,2772219,235838,0,0,0,0,0,0,246137,0,0,0,0,0,0,0,0,0,132249,0,841611,0,0,443791,0,0,0,0,0,0,0,6236518,0,0,144400,844065,2901742,0,0,0,0,0,0,5467,0,0,0,0,0,0,0,0,651651,0,0,0,58488,0,0,0,0,0,259280,0,0,0,0,0,0,0,0,0,390598,142188,113254,215247,0,0,0,0,124122,0,0,19423,0,0,12134,0,121838,0,65018,0,0,0,0,25331,0,0,212258,0,0,0,0,0,0,0,1021606,0,15211064,1411920,15211064,0,0,10141457,7696560,172912,0,64635,3836426,0,1188690,3619235,0,91035,2894720,0,1055841,560260,0,0,2200782,273410,0,0,0,49788,0,exometabolome,Nitrogen limiting,0.07,External/Exometabolome
64_2,14953609,0,0,0,0,0,0,0,0,0,0,0,1570019,640100,0,0,0,0,1708855,0,0,379699,0,0,0,0,0,0,8249204,0,0,4015535,0,0,0,0,0,0,0,0,2127844,9140229,177583234,1503270,0,0,0,0,0,0,0,1135361,0,7581251,0,0,0,0,78149,10342127,0,0,0,0,0,740543,0,7334503,0,0,0,0,198332,0,0,4037544,0,6586049,0,17916415,0,10467906,866835,0,0,0,0,0,0,0,0,5526949,0,0,0,0,0,0,0,63264278,0,107655,0,0,0,0,0,0,4899246,305156,0,0,0,0,0,0,0,33743,20265354,0,27234257,0,49962,6345637,417019,0,23347717,0,0,182730,6191258,0,0,0,1093387,0,3494639,22195514,0,0,0,0,15130,715689,715689,0,0,3573452,0,0,0,1562111,0,0,0,0,0,201602,0,0,0,0,0,0,0,0,0,0,1522351,0,2016185,0,0,113850,0,0,29708903,0,2335078,0,0,0,31321,134634998,313774,0,0,0,0,0,12304452,0,74633,395826,0,1574890,1806831,0,6965116,0,0,0,7261066,0,0,0,0,0,32487,0,0,0,0,0,0,0,0,0,0,29370593,0,0,0,0,0,0,0,0,0,0,0,1422883,0,0,0,0,0,0,0,0,33442496,0,0,0,0,0,0,198209,0,0,0,0,0,0,0,0,0,0,0,0,0,0,0,0,0,0,1342320,1001647,0,253349,52667,0,0,0,0,0,0,6220009,282542,0,134740,841928,3618331,0,0,311628,0,57071,0,18127,528069,0,0,0,0,528069,0,0,644934,0,3727,0,90458,0,0,0,0,0,253345,0,12825,0,0,30215,0,0,0,0,536762,0,116738,0,0,0,0,0,123050,0,0,19368,0,0,0,0,50907,0,23269,0,0,0,0,29809,0,7902,209748,21019,0,0,36367,0,0,0,1029856,0,3696163,1463184,14946597,0,0,10087154,7760763,0,0,0,3862393,0,0,3655227,0,92924,2942724,4847492,1053099,560427,0,0,571038,270949,0,0,0,52824,0,exometabolome,Nitrogen limiting,0.07,External/Exometabolome
64_3,14691219,0,0,0,0,0,0,0,33151,0,0,0,1533599,847012,0,0,0,0,1472546,0,0,375502,0,0,0,0,0,0,8166711,0,0,4252822,0,0,0,0,0,0,0,0,2101532,8999774,282302150,1495834,0,0,0,0,0,0,0,1123880,69120,7602430,0,0,0,0,0,11489545,0,0,0,0,0,0,0,7259698,4773744,0,0,0,202590,0,0,1676328,0,0,0,2195127,0,0,857736,0,0,0,0,22229,0,0,1223980,17678218,0,0,0,0,0,0,0,39759515,0,0,0,0,0,0,0,0,4841848,297553,0,0,0,0,0,934526,0,61871,20113190,27196,26983120,0,50705,6379446,0,0,23303537,0,0,0,6181231,0,0,0,1097593,0,3513742,30024796,0,0,0,0,0,1402682,1402682,0,0,3270732,0,0,0,1702654,0,0,0,136576,0,246639,0,0,0,0,0,0,0,0,0,0,1412601,0,0,0,0,118422,0,0,28579806,0,2544521,0,0,0,0,131035307,0,0,0,0,0,0,11610906,0,0,4154884,0,1518611,0,0,6760491,0,0,0,15977866,0,0,205861,917683,0,31655,0,0,0,0,5638762,716676,0,0,0,0,0,0,0,0,0,0,0,0,0,0,0,0,757433,0,0,0,0,0,0,0,0,33819030,0,0,0,0,0,2740266,0,0,0,0,36442,0,0,272984,0,0,0,0,0,0,0,0,0,0,0,776980,5303776,0,450657,0,0,0,0,0,0,0,6145327,0,0,352180,835303,4088249,0,0,306731,0,0,0,5751,535929,0,0,0,0,535929,0,0,643808,0,0,0,129966,0,0,0,0,0,250691,0,3038,0,0,3953,0,0,0,0,586209,0,0,204816,0,0,0,0,123612,0,0,19040,0,0,14552,0,51920,0,73708,0,0,0,0,27850,0,7554,214449,0,0,0,83510,0,0,0,1039660,0,17774776,1104336,15188612,0,0,10183629,7846021,164923,599888,0,1322864,0,1251705,3712203,0,94097,3017840,4801905,1048841,548813,0,293176,2240009,269867,0,0,0,69026,0,exometabolome,Nitrogen limiting,0.07,External/Exometabolome
65_1,16932321,0,0,0,286303,0,0,21040242,0,0,0,0,1499313,0,0,0,0,0,1836668,0,519316,369116,0,0,0,0,0,95355,0,0,0,3749749,0,0,0,0,0,0,0,0,2027639,8922402,254091737,0,0,0,0,0,0,0,0,1013777,65544,7972295,0,0,0,0,670690,19705044,0,86889,0,0,0,960345,0,6424515,2897379,0,0,0,209463,0,0,0,0,6377357,13222835,0,0,12278299,0,0,0,0,0,19997,0,5207,2814841,10655218,0,0,0,0,0,0,0,138796635,0,4374,0,0,0,0,0,0,4543212,280479,0,0,0,0,0,854354,0,204473,19643150,0,25481542,0,55979,699221,370082,0,21388426,0,0,432904,5636319,0,0,0,973442,0,0,29563655,0,0,29105,0,0,6884853,0,0,0,3347704,0,0,0,1312913,0,0,0,0,0,0,0,0,0,0,0,0,0,0,0,0,1316343,0,1943473,0,0,121543,0,0,32624219,0,1750021,0,0,0,26768,126400684,0,0,0,0,0,0,10661786,0,0,1055244,0,1447040,776735,0,6183294,0,0,0,243450,0,0,0,0,0,0,0,0,0,0,0,567399,0,0,0,0,0,0,0,0,0,0,0,0,0,0,0,0,0,0,0,0,0,0,0,0,0,34381081,0,0,0,0,0,0,246862,0,0,0,0,0,0,3710,0,0,0,0,0,0,0,0,0,0,0,1274193,0,23817,0,0,0,0,0,0,0,0,5602521,0,0,839834,746514,1496686,0,0,354219,0,0,0,0,468953,0,0,0,0,468953,0,0,619815,0,0,0,199228,0,0,0,0,0,198764,0,0,0,0,0,0,0,0,0,179866,113086,129209,184300,151747,0,0,0,147189,0,0,30565,0,0,0,0,93411,0,74184,0,0,0,0,31609,0,6518,213722,0,0,0,0,0,0,0,1002035,0,7077655,1123389,14346762,0,0,8871944,7168084,0,0,0,3721735,0,1176341,3530261,0,91695,2728357,4779659,1013183,469891,0,0,605825,242731,0,0,0,74886,0,exometabolome,Nitrogen limiting,0.07,External/Exometabolome
66_1,19047190,0,0,0,0,0,0,0,0,0,808273,0,0,0,0,0,0,0,0,0,424817,0,0,21805181,0,405321,0,10815,7866792,0,0,2975863,0,0,0,0,0,0,0,0,1839963,0,255149699,0,0,0,0,0,0,0,0,1133491,60860,8031226,0,0,0,0,0,56860334,0,0,0,0,0,984461,0,6529185,0,0,0,0,201946,0,0,0,0,0,0,16618294,0,15172676,762904,0,0,0,0,0,0,0,6628999,8232098,0,0,0,0,0,0,0,6760934,0,3231,0,0,0,0,0,0,4439322,285834,0,0,0,0,0,883679,224750,224750,18831299,63752,25887348,0,47619,875161,390515,0,23582540,0,0,569486,6325249,0,0,22418,1171354,0,0,54853570,0,0,0,0,690727,0,7657008,7657008,0,3506590,0,0,0,1515026,0,347397,0,347397,0,187312,0,0,0,0,0,0,0,0,0,0,1424221,0,0,0,0,0,0,0,34169549,0,0,0,0,273053,31853,126699071,87253,0,0,0,0,0,10893749,0,0,4283224,0,1529755,1068927,147385,6479493,0,0,0,15090320,0,0,0,883049,0,0,0,0,0,0,4584662,154512,0,0,0,0,70185437,0,0,0,0,0,0,0,0,0,0,0,0,0,0,0,0,0,0,0,0,36404851,0,0,0,0,0,0,381739,0,0,1297608,0,0,0,3884,0,0,0,0,0,0,0,0,0,143900,0,2111358,5044039,0,642023,0,0,0,0,0,0,0,5844340,0,0,155362,797247,2253625,0,0,294365,0,0,0,5907,707319,0,0,0,0,0,3602,43224,591426,0,0,75696,3965,0,0,0,0,0,214379,0,0,0,0,38821,1274430,0,0,0,304296,0,185184,226778,0,0,0,0,171814,0,0,36056,0,0,0,0,84549,0,0,0,0,0,0,41826,0,6062,250266,0,0,0,0,0,0,0,1395315,0,9995888,609866,9995888,0,0,14865142,9313626,0,0,0,5187823,0,223264,5093411,0,133416,3933938,8532215,1475092,0,0,0,0,227590,0,0,0,210746,0,exometabolome,Nitrogen limiting,0.07,External/Exometabolome
67_1,18802147,0,0,0,0,0,0,0,0,0,0,0,0,1662587,0,0,0,0,0,0,0,0,0,0,0,0,0,0,6015079,0,0,1429808,0,0,0,0,0,0,0,0,1093640,0,6082575,0,0,0,0,0,0,0,0,0,0,0,0,0,0,0,0,0,0,5328569,0,148829,0,0,0,1476253,2149777,0,0,0,0,0,0,3752170,35615,0,0,0,0,22538758,511736,0,0,0,0,0,0,0,0,12988745,0,0,0,0,0,0,0,285677163,0,0,0,0,0,0,0,0,0,237634,0,0,0,10412980,0,313177,0,0,19485201,74976,12791489,0,0,5794009,0,0,37592875,0,0,0,10484096,0,0,0,2686873,0,302760,11377782,0,0,0,57828,376276,2411661,0,0,0,760351,40692,0,0,1033597,0,0,0,324619,0,0,0,0,0,0,0,0,0,131944,0,0,864325,0,0,0,0,0,0,0,12637814,0,3161676,0,0,0,32549,127788311,0,0,0,0,0,0,1860761,0,0,1438932,0,366486,650527,0,0,0,0,0,6364512,0,0,0,0,0,0,0,0,0,0,0,431758,0,0,0,0,5785722,0,0,8227,0,0,0,0,0,0,0,0,3410844,0,0,0,0,0,0,0,0,1070559,0,0,0,0,0,3194664,311342,0,0,0,0,0,0,0,0,0,0,0,0,0,0,0,0,0,0,0,0,0,978022,0,711505,0,0,0,0,0,623096,0,0,74206,91378,1097637,0,0,552109,0,0,0,0,0,0,0,0,0,0,0,5740,570993,0,0,0,66644,0,0,0,0,0,7759119,0,0,0,0,0,0,0,0,0,0,13001014,0,0,0,0,0,0,223757,0,0,0,0,0,12708,0,2196614,0,64300,0,0,0,0,0,0,0,232394,0,0,0,438112,0,0,0,0,0,55381810,6265293,9124139,0,0,51234407,0,0,19256074,488271,1443726,0,3438949,3027199,0,2453370,20602754,1641179,649013,3340108,0,0,990695,789064,0,0,0,0,0,exometabolome,Nitrogen limiting,0.1,External/Exometabolome
68_1,13991985,0,0,0,0,0,0,0,920169,9925880,0,0,0,3112396,0,0,0,0,2034703,0,0,382489,0,0,0,0,0,0,5253242,0,0,0,0,1529308,0,0,0,248177,0,0,1910930,0,146625895,1572410,0,0,0,0,0,0,0,629612,0,6196946,0,0,0,0,0,6249067,0,6249067,0,0,0,0,26214,1052879,3936263,0,0,0,160837,0,0,3659496,0,0,8449463,0,0,0,322225,0,0,0,0,2013,0,0,907649,0,0,0,0,0,0,130043,0,25287116,0,106515,0,0,0,0,0,0,490521,0,0,0,0,0,0,0,0,65782,18411052,22465,730631,0,0,4061972,0,0,26984557,0,0,0,7296548,0,0,0,1453144,0,0,20456961,0,67757,0,0,581313,1909826,0,0,0,0,0,0,0,358836,0,0,0,0,0,15924,0,0,0,0,0,0,0,0,0,0,537377,0,479847,0,0,168753,0,0,3271854,0,15782,0,0,0,7513,107993916,0,0,0,0,0,0,1477356,0,0,910444,0,345104,716872,106381,647371,0,0,0,6000359,0,0,0,0,0,0,0,0,0,0,0,0,0,0,0,0,0,0,0,0,0,0,65587,0,0,0,0,0,652891,0,0,0,0,0,0,0,0,16631048,0,0,0,0,0,1895101,119892,0,0,0,0,0,0,0,0,0,1931526,0,0,192273,0,0,0,0,0,0,0,0,637942,0,688145,0,0,0,0,0,0,0,0,134653,353063,323642,0,32224,0,0,0,0,0,162603,0,0,0,0,162603,0,0,573883,0,0,3250,131093,0,0,0,0,0,3143562,0,0,0,0,0,0,0,0,0,229287,3444880,24876,383777,0,0,0,0,112018,0,0,0,0,0,0,0,860641,0,43064,0,0,0,0,17446,0,0,112540,23202,0,0,274973,0,0,0,441117,0,12168738,735074,4463059,0,0,45501834,6413446,0,95938100,385588,2965054,0,2260602,281585,0,1444308,12110075,0,592241,1068459,0,0,356828,206639,0,0,0,0,0,exometabolome,Nitrogen limiting,0.1,External/Exometabolome
69_1,17025075,0,0,0,0,0,0,0,0,0,0,0,234144,4031642,0,0,0,0,0,0,0,0,0,0,0,0,0,0,1620526,0,1753382,18431,0,3323005,0,0,0,0,0,0,629759,0,45527543,0,0,0,0,0,0,0,0,0,0,6306605,0,0,0,0,0,6079895,0,6079895,0,0,0,0,0,0,1217836,0,0,0,174166,0,0,240913,60688,0,0,0,0,25197824,512479,0,0,0,0,2543,0,16331,0,4388640,0,0,0,0,0,0,0,20851284,0,52073,0,0,0,0,0,0,413702,228326,0,0,0,10451299,0,0,0,21702,18691214,26229,12586412,0,0,5363812,0,0,29010578,0,0,142027,7971782,0,0,0,1855917,0,0,0,0,0,0,0,0,2103176,2103176,1258918,0,960452,0,0,0,955858,0,0,0,65728,0,0,0,0,0,0,0,0,0,99886,0,0,701702,0,63105,0,0,188358,0,0,12092641,0,724308,0,0,0,30837,149487828,0,0,0,0,0,0,2182294,0,0,1385019,0,0,0,0,838721,0,0,0,8284160,0,0,0,0,0,0,0,0,0,0,0,490071,0,190311,0,0,0,0,0,0,0,0,0,0,0,0,0,0,0,0,0,0,0,0,0,0,0,22623981,0,0,0,0,0,0,302478,0,0,0,0,0,0,0,0,0,0,0,0,0,0,0,0,0,0,0,0,0,718197,0,0,0,0,0,0,0,0,0,0,0,46787,1182586,0,0,205812,0,0,0,7701,0,0,0,0,0,0,0,0,549943,0,0,3512,145329,0,0,0,0,0,1050500,0,0,0,3875,0,0,0,0,0,186005,1162276,69627,162505,0,0,0,0,54513,0,0,0,0,0,0,0,379601,0,49747,0,0,0,0,20865,0,0,0,0,0,0,58244,0,0,0,466757,0,16716878,1131607,10905844,0,0,27772554,0,0,74484413,0,2280657,0,925388,2787720,0,442113,50641,0,643539,225727,0,0,325626,259720,0,0,0,24563,0,exometabolome,Nitrogen limiting,0.1,External/Exometabolome
70_1,14125638,0,0,0,0,0,0,0,0,0,0,0,382717,838516,0,0,0,0,0,0,0,0,0,0,0,0,0,0,10161663,0,0,1421744,0,0,168682,0,0,0,0,0,0,0,9065738,1660819,0,0,0,0,0,0,0,0,0,598073,0,0,0,0,0,0,0,73464,0,0,0,0,0,584053,0,0,13862594,0,0,0,0,356956,0,0,37915,22105869,0,0,457881,0,0,207120,0,0,0,0,0,252155,0,0,0,0,0,0,0,1649,0,0,0,0,508005,0,0,0,0,0,0,0,0,0,0,0,0,0,13173689,0,0,0,0,621057,0,0,0,0,0,0,0,0,0,0,0,0,0,0,0,0,0,0,349045,0,0,0,0,160560,22720,0,0,0,0,0,0,1466713,0,0,0,0,0,0,0,0,0,0,0,0,0,0,0,0,0,0,0,0,0,0,0,0,0,0,0,0,0,0,0,0,0,0,168346,0,0,0,0,0,295533,0,0,0,0,0,0,0,0,0,0,0,0,0,0,0,0,0,0,0,0,0,0,0,0,0,0,0,0,0,0,0,0,0,0,0,0,0,0,0,0,0,0,0,27824391,0,0,0,0,0,135241,0,0,0,0,0,0,0,0,0,0,0,0,0,0,0,0,0,0,0,0,6926747,0,0,0,0,0,0,0,0,0,0,0,0,9379,10726,473688,0,0,0,0,0,0,0,0,0,0,0,0,0,0,0,561721,0,0,0,10937,0,0,0,0,0,242190,0,0,0,0,0,0,0,0,0,36920,463168,0,49994,0,0,0,0,0,0,0,0,0,0,0,0,20974,0,3457,0,0,0,0,0,0,0,0,0,0,0,121272,0,0,0,0,0,7211147,446534,3319085,0,0,3276679,1369545,30342,6695027,58159,119309,0,9814,595442,0,65059,160668,0,105173,0,0,0,491866,56250,0,0,0,0,0,exometabolome,Nitrogen limiting,0.2,External/Exometabolome
71_1,16578408,0,0,0,0,0,0,0,0,0,0,0,43829,562455,0,0,0,0,0,0,0,0,0,0,0,0,0,0,0,0,1372073,1491412,0,2128433,0,0,0,0,0,0,1252817,0,12753571,1408960,0,0,0,0,0,0,0,0,6781,0,0,0,0,0,0,555994,0,0,0,0,0,0,0,0,0,0,7419,0,65658,0,0,5330859,0,0,3330738,21324735,0,0,860413,0,0,0,65129,0,0,0,0,2569619,0,0,0,0,0,0,0,22394892,0,60993,0,0,0,0,0,0,0,165769,0,0,0,2046101,0,30346,0,76728,15597753,15693,704026,0,0,4686569,21738,0,21365896,0,0,0,5698003,0,0,6519,44912,0,16031,6652521,0,0,0,15362,288378,438345,0,252853,0,605920,0,0,0,216554,0,0,0,829820,0,74685,0,0,0,0,0,0,0,0,0,0,94739,0,228886,0,0,106708,0,0,1358340,0,305117,0,0,0,0,13484989,243316,0,0,0,0,0,0,0,0,42081,0,0,469235,0,0,0,0,0,420719,0,0,0,0,0,0,0,0,0,0,0,231580,0,0,0,0,0,0,0,0,0,0,0,0,0,0,0,0,0,0,0,0,0,0,0,0,0,22745352,0,0,0,0,0,1340242,0,0,0,0,0,130100,0,0,0,0,0,0,0,0,0,0,0,0,0,0,0,0,1249285,0,0,0,0,0,0,0,0,0,0,0,49382,848533,0,0,407002,0,0,0,7167,0,0,0,0,0,0,0,0,559724,0,0,0,5384,0,0,0,0,0,331459,0,35471,0,0,0,0,0,0,0,128627,893686,11874,154102,0,0,0,0,0,0,0,0,0,0,0,0,0,0,13907,0,0,0,0,5094,0,0,47023,0,0,0,113027,0,0,0,0,0,11451710,783849,6215969,0,0,4765107,2475246,48098,10048992,104604,241740,0,914537,129805,0,112745,1880547,2559346,499282,300179,0,0,0,113854,0,0,0,0,0,exometabolome,Nitrogen limiting,0.2,External/Exometabolome
72_1,10585248,0,0,0,0,0,0,0,0,210199,0,0,116127,114399,0,0,0,0,0,0,0,0,0,0,0,0,0,0,4782854,0,0,1284053,0,0,0,0,0,0,0,0,545955,2100339,7235876,1277567,0,0,0,0,0,0,0,0,0,2847428,0,0,0,0,0,0,0,47931,0,0,0,0,0,0,0,0,6493832,0,0,0,0,206053,0,0,224687,28364962,0,0,378870,0,0,0,0,0,0,0,0,0,0,0,0,0,0,0,0,164357515,0,54780,0,0,294384,0,0,0,0,0,0,0,0,0,0,7599,0,0,11770771,17623,0,0,0,8459,0,0,0,0,0,0,0,0,0,9279,0,0,0,0,0,25200,0,0,155135,0,0,0,0,311848,22733,0,0,0,0,0,0,911441,0,0,0,0,0,0,0,0,0,0,0,0,0,0,0,0,0,0,0,0,0,0,0,0,0,0,0,0,0,0,0,0,0,0,333213,0,0,3914,0,0,1332267,0,0,0,0,0,0,1272259,0,0,0,0,0,0,0,0,0,57633,0,0,0,0,0,0,0,0,0,0,0,0,0,0,0,0,0,0,0,0,0,0,0,0,0,0,3330415,0,0,0,0,0,1267076,457895,0,0,0,0,0,0,0,0,0,0,0,0,0,0,0,0,0,0,99312,0,0,0,0,0,0,0,0,0,0,0,0,0,1104279,192537,55847,0,0,0,0,1568791,0,0,0,0,0,0,0,0,0,0,603335,0,0,104832,10501,0,0,0,0,0,324324,0,0,0,0,0,0,0,0,0,0,869073,0,0,0,0,0,0,0,0,0,0,0,0,0,0,0,0,0,0,0,0,0,0,0,0,0,0,0,0,28113,0,0,0,0,0,8804358,612491,4239576,0,0,4378464,2331984,0,8851679,0,902749,0,123644,993189,0,119217,1242252,3087596,456417,277348,0,0,878476,15200,0,0,0,0,0,exometabolome,Nitrogen limiting,0.2,External/Exometabolome
73_1,21399989,0,0,0,0,0,0,0,555502,0,0,0,715244,10497542,0,0,0,0,0,0,0,272048,0,0,0,0,0,0,5124987,0,1368331,1481716,0,0,0,183673,0,0,0,0,7990017,0,0,1021526,0,0,0,0,0,0,0,0,0,9202921,0,0,0,342069,0,0,0,0,0,0,21825229,0,0,0,1375889,0,0,0,44990,0,0,4147738,0,0,1793486,15154798,0,0,351087,0,0,0,9368103,0,0,0,0,1639589,0,0,0,0,0,0,0,67466503,0,0,689130,0,0,0,0,0,992156,204227,0,0,0,16574262,0,0,0,0,0,0,17815336,0,0,4383695,382567,27245,8897493,0,1028126,1602520,2292220,0,0,0,419495,0,2450984,0,0,274398,0,15462,224112,2599524,0,0,0,1227638,0,0,0,224636,0,0,0,2419009,0,0,0,0,0,0,0,0,0,100520,0,0,2289892,0,6134193,0,0,0,0,0,37370173,0,0,0,0,0,2297,174378113,0,0,0,0,0,0,3718198,0,0,973824,0,900140,502066,0,799571,0,0,0,4839179,0,0,0,786006,0,0,55708,0,0,0,0,75457,0,0,0,0,0,0,0,3728,0,0,0,0,0,0,0,0,0,0,0,0,0,0,0,0,0,27856826,0,0,0,0,0,1680699,5715712,0,0,0,0,0,0,0,0,0,855919,0,0,6757,0,0,0,3444,0,0,407958,0,0,0,0,0,0,0,0,1882342,5707242,0,0,121803,822961,1848744,0,0,101741,0,0,0,0,1212500,0,0,10425,0,72491,0,0,554961,0,0,10195,157436,0,7306579,0,0,0,266472,0,0,0,0,0,0,0,0,0,304661,335495,0,204693,0,0,0,0,0,0,0,0,0,0,0,0,94931,0,0,0,0,0,0,0,0,0,0,0,0,0,0,0,0,0,251673,0,16719972,1305244,13363694,0,0,9719248,5123937,0,0,413330,5685304,0,2278931,2966431,0,28385,12070806,4669151,999179,536588,0,0,1958321,219319,0,0,0,0,0,exometabolome,Phosphate limiting,0.07,External/Exometabolome
73_2,22015517,0,0,0,0,0,0,0,549857,0,0,0,742165,10486206,0,0,0,0,0,0,0,0,0,0,0,0,0,0,5258762,0,0,1437452,0,0,0,0,0,0,0,0,28707622,0,0,1178018,0,0,0,0,0,0,0,0,0,8883024,0,0,0,333477,0,0,0,1461852,0,0,0,235933,0,1890248,3210208,0,0,0,50962,0,0,266266,0,0,1755438,0,0,0,0,0,0,0,4187232,0,0,0,0,1306346,0,0,0,0,0,0,0,38000032,0,0,677271,0,0,0,0,0,1552423,206180,0,0,0,0,0,746625,0,151449,15072809,17597,17835540,0,0,0,380819,34941,8098562,0,0,1593708,2172037,0,0,0,344617,0,577724,0,0,0,15145,14629,0,2395129,0,0,0,1195774,0,0,0,929043,0,0,0,2195853,0,0,0,0,0,0,0,0,0,0,0,0,2976415,0,5963087,0,0,0,0,0,36839880,0,0,0,0,0,9103,239705258,0,0,0,0,0,0,3630540,3800,0,175187,0,909230,828590,0,787411,0,0,0,4874590,0,0,0,811231,0,0,0,0,0,0,0,20748,0,0,0,0,6970505,0,0,0,0,0,0,0,0,0,0,0,2287007,0,0,0,0,0,0,0,0,23822711,0,0,0,0,0,1704632,0,0,0,7179576,0,0,0,0,5582,0,355013,0,0,0,0,0,0,0,0,0,0,18481,0,0,1451950,0,0,0,0,130254,5702604,0,0,70822,6520,166534,0,0,197029,0,0,0,3875,999035,0,0,0,0,999035,0,52498,562055,0,0,0,156182,0,6444694,0,0,0,260178,0,0,0,0,0,0,0,0,0,359529,336931,0,175465,205795,0,0,0,39176,0,0,0,0,0,0,0,81559,0,0,0,0,0,0,0,0,0,0,0,0,0,0,0,0,0,262077,0,17009151,1296359,13438736,0,0,9791740,5273398,0,0,397663,3046257,0,27720,3046257,0,104354,11914625,4764532,1006517,0,0,154022,727241,221034,0,0,0,0,0,exometabolome,Phosphate limiting,0.07,External/Exometabolome
73_3,22421973,0,0,0,0,0,0,0,544019,0,0,0,807512,10226554,0,0,0,0,1286547,0,0,0,0,0,0,0,0,0,5287492,0,1407481,1394308,0,0,0,0,0,158350,0,158350,29481202,0,0,1191392,0,0,0,0,0,0,0,0,67785,9046999,0,0,0,341323,0,0,0,1539283,0,0,0,0,0,0,659424,0,0,0,42531,0,0,4208991,0,0,0,0,0,1033939,147236,0,0,0,354955,0,0,0,0,1196007,0,0,1196007,0,0,229149,0,33330902,0,0,701590,0,0,0,0,0,270514,213937,0,0,0,0,0,757631,0,0,15288979,0,18014227,0,0,4626399,385189,0,8299773,0,978720,1613658,2208334,0,0,0,342336,0,957357,0,0,0,0,36788,0,2342928,2342928,0,0,1219597,0,0,0,1030636,0,0,0,2071733,0,0,0,0,0,0,0,0,0,175616,0,0,2256056,0,6017425,0,0,0,0,0,36767381,0,0,0,0,0,12860,0,267086,0,0,0,0,0,3649186,0,0,995035,0,898460,1053029,0,931816,0,0,0,5017365,0,0,242181,794525,0,0,0,0,0,0,0,18536,0,0,0,0,5043299,0,0,0,0,0,151632,0,0,0,0,0,2224374,0,0,0,0,0,0,0,0,23736954,0,0,0,0,0,1582192,3625608,0,0,0,0,0,0,0,0,0,970592,0,0,0,0,0,0,0,0,946329,3440813,0,0,0,0,0,0,0,0,896828,5620083,0,0,51037,815208,2588233,0,0,161342,0,0,0,7036,853817,0,0,0,0,853817,10729,0,556619,0,0,42488,4738,0,5600537,0,0,0,260913,0,0,0,0,0,0,0,0,0,423127,342514,0,0,0,0,0,0,11821,0,0,0,0,0,0,0,89445,0,0,0,0,0,0,0,0,0,0,0,0,0,0,0,0,0,266173,0,16977301,1249047,13464801,0,0,9933050,5332657,0,0,1766960,1215449,0,2085988,3114848,0,93537,12019862,0,1002054,511281,0,0,1925657,232316,0,0,0,0,0,exometabolome,Phosphate limiting,0.07,External/Exometabolome
74_1,23009383,0,0,0,0,0,0,0,0,0,0,0,1266318,9888240,0,0,0,0,0,0,0,0,0,0,0,0,0,0,5699257,0,1718423,1551761,0,0,0,0,0,0,0,185690,38810030,0,14967945,1332796,0,0,0,0,0,0,0,0,27010,9610966,0,0,0,449673,0,0,0,0,0,0,0,0,0,2186022,0,0,0,0,54249,0,0,2538447,0,0,0,0,0,0,164686,0,0,0,5941335,0,0,0,0,1144038,0,0,0,0,0,66115,0,26316849,0,0,787228,0,0,0,0,0,1702081,228175,0,0,0,0,0,834770,0,166233,16368317,0,19257934,0,0,5110086,198924,0,7355596,0,1172755,1792980,1951830,0,0,0,313971,0,2745425,0,0,0,0,34768,0,0,0,0,0,1340011,0,0,0,1238924,0,0,0,3024925,561680,0,0,0,0,0,0,0,0,0,0,0,2470955,0,5433087,0,0,0,0,0,0,0,559194,0,0,0,9268,191100568,0,0,0,0,0,0,3985935,0,0,1181533,0,962171,650595,0,0,0,0,0,5516736,0,0,0,1003101,0,0,0,0,0,0,0,0,0,0,0,0,8606542,0,0,11467,0,0,0,0,0,0,0,0,581863,0,0,0,0,0,0,0,0,25127798,0,0,0,0,0,2004514,3048507,0,0,0,0,660357,0,0,0,0,1219990,0,0,0,0,0,0,0,0,420449,0,0,0,0,0,0,0,0,0,738864,1208037,0,0,42095,847874,1305397,0,0,149285,0,0,0,28945,0,0,0,0,0,0,0,0,526118,0,0,0,5288,21190,7024317,0,0,0,284825,0,0,0,0,0,0,0,0,0,218215,352628,0,127882,0,0,0,0,0,0,0,0,0,0,0,0,106096,0,22460,0,0,0,0,7880,0,0,0,0,0,0,0,0,0,0,294092,0,19156066,1515444,15240957,0,0,10517073,5907822,0,1613007,744639,1461790,0,299159,3449949,0,23293,1943616,4994775,1081557,578563,0,0,2085576,256882,0,0,0,0,0,exometabolome,Phosphate limiting,0.07,External/Exometabolome
75_1,22201780,0,0,0,0,0,0,0,622085,7346657,0,0,873174,1524019,0,0,0,0,1353312,0,0,0,0,0,268535,0,0,0,5180865,0,1435612,1361190,0,0,0,188693,0,0,0,0,30833456,0,49580302,1227356,0,0,0,0,0,0,0,0,68784,9626289,0,0,0,439692,0,0,0,0,0,0,0,0,0,0,0,0,0,0,50965,0,0,174862,0,0,0,9936720,0,0,70063,0,0,0,719889,0,0,0,0,1017717,0,0,0,0,0,0,0,23981829,0,0,724560,0,590205,0,0,0,233586,212659,0,0,0,0,0,738000,0,151966,15611355,0,17593075,0,0,5227066,376212,44016,7632223,0,971261,1568571,2029236,0,0,0,291376,0,2397339,0,0,118075,0,0,0,0,0,0,0,1161578,0,0,0,3857333,0,0,0,2596447,0,0,0,0,0,0,0,0,0,126758,0,0,2929911,0,6253332,0,0,0,0,0,36529753,0,0,0,0,0,0,175630107,0,0,0,0,0,0,3500062,0,0,1018665,0,923998,395802,0,0,0,0,0,5066047,0,0,0,849088,0,0,0,0,0,0,0,21087,0,0,0,0,6204960,0,0,6482,0,0,0,0,0,0,0,0,534206,0,0,0,0,0,0,0,0,27327845,0,0,0,0,0,1513627,4069150,0,0,0,0,605175,0,0,0,0,0,0,0,0,0,0,0,0,0,5319279,1178725,0,0,0,0,0,0,0,0,1041670,5520473,195374,0,33669,0,151741,0,0,0,0,0,0,30492,869800,0,0,0,0,869800,0,0,531774,0,0,48355,4819,3038,6200581,0,0,0,251883,0,379849,0,0,0,0,0,0,0,217766,0,47747,0,0,0,0,0,0,0,0,0,0,0,4575,0,0,0,0,0,0,0,0,9708,0,0,0,0,0,0,0,0,0,0,0,0,16912071,1245832,13549814,0,0,10241819,5413092,0,2301404,452671,2015079,0,2038557,3226690,0,96884,14342684,0,1025170,555265,0,0,1979861,233988,0,0,0,0,0,exometabolome,Phosphate limiting,0.07,External/Exometabolome
76_1,14730012,0,0,0,0,0,0,0,810724,7797244,0,0,1180540,3907347,0,0,0,0,1446573,0,0,279419,0,0,367121,0,0,0,4931336,0,1724550,1464947,0,0,198631,0,0,0,176218,176218,33081980,0,0,1435813,0,0,0,0,0,0,0,0,129285,11657677,0,0,0,519146,0,0,0,1661874,0,0,0,0,0,347232,434903,0,0,0,52605,0,0,235148,0,0,0,18584002,15308,0,0,0,0,0,6410112,0,0,0,0,0,0,0,475585,0,0,0,0,27829360,0,0,589680,0,714032,0,0,0,511719,223226,87925,0,0,0,0,171203,0,85575,16365623,20222,5446575,0,0,6538080,0,0,5970903,0,405242,364968,1594304,0,0,0,233548,0,768885,0,0,0,0,0,0,1371805,1371805,0,0,810195,0,0,0,1205345,0,0,0,0,0,0,0,0,0,0,0,0,28855,0,0,0,857138,0,0,0,0,0,0,0,7332978,0,0,0,0,0,0,154256314,0,0,0,0,0,0,1174375,0,0,472440,0,302053,246782,0,323117,0,0,0,2182477,0,0,0,46773,0,0,0,0,0,0,0,1382425,0,0,0,0,0,0,0,0,0,0,0,0,0,0,0,0,2675872,0,0,0,0,0,0,0,0,21630350,0,0,0,0,0,2387365,297566,0,0,0,0,0,0,0,0,0,0,0,0,0,0,0,0,0,0,671034,0,0,0,0,0,0,0,0,0,1156082,2981496,0,0,40625,435185,141524,0,0,51508,0,0,0,84046,0,0,0,0,0,0,0,0,512637,0,0,0,16098,10052,8462959,0,0,0,441316,0,0,0,0,0,0,0,0,0,229186,762166,0,0,0,0,0,0,0,0,0,0,0,0,0,0,103362,0,11220,0,6307,0,0,0,0,0,0,0,0,0,0,0,0,0,93375,0,1503556,789976,8253421,0,0,4820964,0,0,11513535,680824,159182,0,76289,1490832,0,10912,4578127,2266140,433316,294399,0,0,852834,196855,0,0,0,0,0,exometabolome,Phosphate limiting,0.1,External/Exometabolome
77_1,13541180,0,0,0,0,0,0,0,859187,8931571,0,0,1080735,3927681,0,0,0,27724,1481756,0,0,278595,0,0,0,0,0,0,4878019,0,1703024,1453377,0,0,0,127086,0,0,0,0,31360645,0,19811106,1425093,0,0,0,0,0,0,0,0,156232,10720488,0,0,0,434220,0,0,0,1650459,0,0,0,0,0,0,580694,0,0,0,48572,0,0,233601,0,0,0,16586757,0,1893938,651564,0,0,0,4681602,0,0,0,0,426471,0,0,426471,0,0,0,0,27778235,0,0,523788,0,0,0,0,0,487057,222125,0,0,0,0,0,161028,0,99522,16446539,0,5185575,0,0,6275901,76018,0,5190625,0,0,335346,1363981,0,0,0,218651,0,709311,0,0,0,0,0,0,0,1356215,0,0,0,0,0,0,1103610,0,0,0,0,0,0,0,0,0,0,0,0,0,9653,0,0,804909,0,428328,0,0,0,0,0,6787394,0,0,0,0,0,0,144466494,0,0,0,0,0,0,1154693,0,0,0,0,0,573955,0,308808,0,0,0,2071387,0,0,0,0,0,0,0,0,0,0,0,19315,0,0,0,0,0,0,0,1808,0,0,0,0,0,0,0,0,0,0,0,0,0,0,0,0,0,26233075,0,0,0,0,0,2131787,2131840,0,0,0,0,0,0,0,0,0,0,0,288050,0,0,0,0,0,0,0,0,0,0,0,0,0,0,0,0,1817992,0,1419855,0,62758,427164,1759201,0,0,0,0,0,122518,91258,211997,0,0,0,0,211997,0,47955,515316,0,0,0,11808,0,11236656,0,0,0,439457,0,6243,0,0,0,0,0,0,0,293960,800085,46098,159580,0,0,0,0,52965,0,0,0,0,0,0,0,110189,0,6281,0,0,0,0,0,0,0,0,0,0,0,0,0,0,0,0,0,7386306,896455,7386306,0,0,5384947,2656441,0,0,1204318,701206,0,1856647,701206,0,11112,8715071,2448112,456517,295997,70446,0,285286,170242,0,0,0,0,0,exometabolome,Phosphate limiting,0.1,External/Exometabolome
78_1,16127682,552592,0,0,0,0,0,0,0,0,0,0,1127769,3655985,0,0,0,0,0,0,0,0,0,0,0,0,0,0,5884634,0,2102197,1682135,0,0,0,75833,0,0,0,44006,38891391,0,18757337,1160156,0,0,0,0,0,0,0,0,124627,11328099,0,0,0,373340,0,0,0,2490182,0,0,0,0,0,0,0,0,0,0,69457,0,0,0,0,0,0,0,0,1235678,133473,0,0,0,6001418,0,0,0,0,589993,0,0,0,0,0,0,0,21922021,0,42979,200297,0,528030,0,0,0,0,328097,0,0,0,7492105,0,202423,0,95659,16695113,14420,6424780,0,0,6549238,53856,0,9752426,0,0,469698,2580069,0,0,0,494821,0,1034600,0,0,0,0,31367,0,2123784,2123784,0,0,1164649,0,0,0,1416440,0,0,0,2377207,0,0,0,0,0,0,0,0,0,0,0,0,1268634,0,0,0,0,0,0,0,8763238,0,343263,0,0,0,0,176974179,0,0,0,0,0,0,1816484,0,0,0,0,0,0,0,0,0,0,0,0,0,0,0,12554,0,0,0,0,0,0,0,0,0,0,0,0,0,0,0,0,0,0,0,0,0,0,0,0,0,0,0,0,0,0,0,0,0,22291128,0,0,0,0,0,2972109,597430,1094541,45149,0,0,0,0,0,0,0,0,0,9380,0,0,87302,0,0,0,0,0,0,0,0,0,0,0,0,0,0,1891970,0,0,44005,375388,4299129,0,0,0,0,0,0,33592,0,0,0,0,0,0,0,0,534968,0,0,0,26137,0,0,0,0,0,567238,0,0,0,0,0,0,0,0,0,212940,0,0,2959354,0,0,0,0,0,0,0,0,0,0,0,0,0,0,0,0,0,0,0,0,0,1814,0,0,0,0,12365969,0,0,0,0,0,13821282,1245493,9795546,0,0,8913556,4692017,0,0,330324,3882028,0,94131,3882028,0,155210,4357939,0,586055,388003,0,0,0,201387,0,0,0,0,0,exometabolome,Phosphate limiting,0.1,External/Exometabolome
79_1,12687346,0,0,0,0,0,0,98962,0,0,0,0,1173219,1303521,0,0,0,0,0,0,0,0,0,0,717521,0,0,0,6437759,0,0,2036218,0,0,0,0,0,0,0,0,51701887,0,0,0,0,0,0,0,0,0,0,0,26118,21042313,0,0,0,716939,0,0,0,1365968,0,0,0,0,757821,0,2827528,0,0,0,44581,0,0,806724,0,0,2955191,5706489,0,0,461271,0,0,0,2466566,0,0,0,0,0,0,0,0,0,0,0,0,15891081,0,303012,650377,0,769076,0,0,0,0,358578,213191,0,0,1597717,0,0,0,108003,17776813,16596,1784476,0,0,11106566,0,0,7438928,0,0,0,1920672,0,0,0,311169,0,0,0,0,0,0,44915,0,614250,614250,0,0,2040917,0,0,0,0,0,0,0,1692031,0,0,0,0,0,0,0,0,0,0,0,0,268239,0,0,0,0,0,0,0,703492,0,0,0,0,0,0,19309175,134813,0,0,0,0,0,687819,0,0,139760,0,0,475337,0,391780,0,0,0,583695,697095,0,0,0,0,0,0,0,0,0,0,159935,0,59707,0,0,0,0,0,0,0,0,0,0,0,0,0,0,0,0,0,0,0,0,0,0,0,35825434,0,0,0,0,0,5182183,513470,0,57942,832387,0,0,0,0,0,0,0,0,0,0,0,0,0,0,0,0,0,0,0,0,0,0,0,0,0,0,0,0,0,110828,278706,1227331,0,0,0,0,0,0,2339,0,0,0,0,0,0,0,0,474971,0,0,0,34177,0,0,0,0,0,91332,0,129498,0,0,0,0,0,0,0,235884,178997,0,213428,133459,0,0,0,303596,0,0,0,0,0,0,0,0,0,0,0,0,0,0,0,0,0,0,0,0,0,0,0,0,0,70130,0,12260194,695991,7977180,0,0,5811803,3315331,78173,5630267,112705,2927892,0,632124,2773007,0,82990,2178109,0,426038,245297,0,0,306581,114286,0,0,0,0,0,exometabolome,Phosphate limiting,0.2,External/Exometabolome
80_1,13144082,0,0,0,0,0,0,0,0,302685,0,0,0,1587543,0,0,0,0,0,0,0,0,0,0,0,0,0,0,7691223,0,0,1762142,0,0,0,187089,0,0,0,232531,0,0,6557081,1787964,0,0,0,0,0,0,0,0,0,1684909,0,0,0,0,0,0,0,1470872,0,0,0,0,0,469089,4237134,0,1526227,0,0,0,0,6989290,0,0,2311090,16977995,0,0,357472,0,0,0,1363394,0,0,0,0,614489,0,0,0,0,0,0,0,33465736,0,24786,187696,0,669172,0,0,0,0,293428,0,0,0,1605556,0,40931,110104,0,15902132,15353,1923016,18925,0,0,0,0,39659,0,0,0,0,0,0,0,15158,0,235417,0,0,0,0,11785,260489,789922,789922,789922,0,1491370,0,0,0,65534,0,0,0,2485912,0,0,26422,0,0,0,0,0,10133,0,0,0,0,0,0,0,0,0,0,0,0,0,0,0,0,0,0,22122303,0,0,0,0,0,0,798649,0,0,31441,0,0,0,0,0,0,0,0,825455,0,0,0,0,0,0,0,0,0,0,0,2630698,0,0,0,0,0,0,0,0,0,0,0,0,0,0,0,0,0,0,0,0,0,0,0,0,0,2215606,0,0,0,0,0,1246430,364751,2305780,0,0,0,0,0,0,0,0,0,0,0,0,0,0,0,0,0,0,0,0,0,0,0,0,0,0,0,0,0,0,0,0,295675,24313,0,0,0,0,0,0,0,0,0,0,0,0,0,0,0,532454,0,0,0,24939,0,0,0,0,0,107285,0,179727,0,0,0,0,0,0,0,154562,207379,4766,119977,0,0,0,0,186829,0,0,0,0,0,0,0,0,0,10112,0,0,0,0,0,0,0,11786,0,0,0,0,0,0,0,77726,0,11570934,643956,1075656,0,0,7244323,3976985,90548,5112097,51281,2146121,0,549303,2717967,0,84536,690284,0,436249,156870,0,0,1179782,68137,0,0,0,0,0,exometabolome,Phosphate limiting,0.2,External/Exometabolome
81_1,13210983,0,0,0,0,0,0,0,0,0,0,0,847878,1278895,0,0,0,0,1544416,0,0,0,0,0,412434,0,0,0,6096268,0,0,1861198,0,0,0,98030,0,0,0,144465,40519851,0,1757048,1696756,0,0,0,0,0,0,0,0,0,16581425,0,0,0,0,0,0,0,0,0,0,0,0,0,0,3999270,0,0,0,41028,0,0,701656,0,0,2260826,19151279,0,0,51825,0,0,0,0,0,0,0,0,0,0,0,233796,0,0,0,0,37060212,0,0,521418,0,650918,0,0,0,243943,306570,0,0,0,1370729,0,38866,0,0,16113781,0,1737275,0,0,8322760,0,0,9148169,0,0,0,2347652,0,0,0,480995,0,94822,0,0,0,0,25591,0,640541,640541,0,0,2060754,0,0,0,202447,0,0,0,1541290,0,0,0,0,0,0,0,0,0,35405,0,0,257989,0,0,0,0,0,0,0,1662184,0,0,0,0,0,0,3427392,0,0,0,0,0,0,676137,0,0,0,0,0,0,0,388134,0,0,0,575407,0,0,0,0,0,0,0,0,0,0,0,20850,0,0,0,0,1015831,0,0,0,0,0,0,0,0,0,0,0,0,0,0,0,0,0,0,0,0,0,0,0,0,0,0,0,457820,0,23240,14533092,0,0,0,0,0,0,0,0,0,0,0,0,0,0,0,0,0,0,0,0,0,0,0,0,0,0,1793185,0,0,86521,281177,769169,0,0,0,0,0,0,11435,0,0,0,0,0,0,0,0,488493,0,0,0,9197,0,0,0,0,0,83903,0,177373,0,0,0,0,0,0,0,142985,167236,20379,164537,0,0,0,0,301833,0,0,0,0,0,0,0,0,0,0,0,0,0,0,0,0,0,0,0,0,0,63897,0,0,0,0,0,11866337,654383,7721354,0,0,8282595,3461290,0,5405226,121477,2807097,0,178729,2846543,0,79317,781613,2664474,444218,250388,0,0,1289953,106956,0,0,0,0,0,exometabolome,Phosphate limiting,0.2,External/Exometabolome
82_1,15478570,0,0,0,0,0,0,0,508615,0,0,0,70138,3847834,0,0,0,0,2401431,0,0,421226,0,0,0,0,0,0,6106019,0,1752347,1475782,0,2251982,0,0,0,0,0,0,10974227,0,0,0,0,0,0,0,0,0,0,1474483,216902,14851308,0,0,0,0,0,2346458,0,2610673,0,0,0,546403,0,0,3889394,0,0,101626,107425,0,0,0,0,0,0,0,0,35449311,0,0,0,0,2235855,0,0,0,0,0,0,0,0,0,0,0,0,240315502,0,57504,0,0,0,208482,0,0,912145,0,0,0,0,0,0,0,0,139080,17614305,0,14952282,0,0,9060710,130417,0,28783083,0,5827778,512584,7300230,0,0,0,1585740,0,543256,2675432,0,106673,202222,238961,766693,849550,849550,1204679,0,366969,0,0,0,1194072,0,0,0,0,0,0,0,0,0,50155,0,0,0,0,0,0,910251,0,23146,0,0,0,0,0,18127794,0,2900728,0,0,0,15438,153799609,0,0,0,0,0,0,2194289,0,0,1327881,0,374152,527961,14379,581259,0,0,0,4108967,0,0,0,0,0,0,0,0,0,0,0,655051,0,0,0,41891,0,0,0,0,0,0,0,0,0,0,0,0,0,0,0,0,0,0,0,0,0,37908829,0,0,0,0,0,4098081,2442483,0,0,0,0,0,0,0,0,0,0,0,0,0,0,92104,0,0,0,0,0,0,664698,0,0,0,0,0,0,1321920,0,500875,0,201663,499149,1661724,0,0,929173,0,0,0,17311,1176858,0,0,0,0,3878907,0,48825,473453,0,0,0,58034,0,2479221,0,0,0,38541,0,0,0,0,0,0,0,0,0,313645,0,0,135644,0,0,0,0,70351,32330,0,0,0,0,15682,0,0,0,50886,0,0,0,0,19495,0,0,46597,0,0,0,0,0,0,0,725431,0,15102073,1652924,15102073,0,0,4593198,2641490,0,21278470,0,1554164,0,53812,719736,0,54557,4241088,2354114,405631,457697,0,0,1172873,224411,0,0,0,0,0,exometabolome,Sulphate limiting,0.07,External/Exometabolome
82_2,15642459,0,0,0,0,0,0,0,0,0,0,0,1852194,3964457,0,0,0,0,2477591,0,0,385293,0,0,0,0,0,0,768920,0,1892350,1421975,0,6728855,0,0,0,0,0,0,10499086,0,0,1893389,0,0,0,0,0,0,0,771165,218656,14816973,0,0,0,0,0,2298836,0,0,0,0,0,0,0,1890069,0,0,0,0,233191,0,0,7894973,0,0,0,0,71143,36800007,381746,0,0,0,1949541,0,0,0,3945412,2601936,0,173088,2601936,0,0,220390,0,0,0,6108,0,0,0,291813,0,0,683537,393240,0,0,0,0,0,0,0,0,18012871,15105,15202257,0,0,9019628,150393,0,29895769,0,5738865,0,7616815,0,0,0,1622156,0,210148,19880517,0,8465,247414,0,101206,1158993,0,877809,0,0,23256,0,0,709676,0,0,0,0,0,0,0,0,0,0,0,0,0,0,0,0,880799,0,5529499,0,0,152664,0,0,18254983,0,2917039,0,0,0,4634,155257015,0,0,0,0,0,0,2126969,0,0,1365379,0,374999,783320,254035,572509,0,0,0,4108566,0,0,0,0,0,0,0,0,0,0,0,7151752,0,0,0,0,0,0,0,0,0,0,0,0,0,0,0,0,0,0,0,0,0,0,0,0,0,36786424,0,0,0,0,0,4278060,0,0,0,0,0,0,0,0,0,0,0,0,0,0,0,13897,0,0,0,0,0,0,696594,0,0,0,0,0,0,1363309,0,6925033,0,194566,487720,1809791,0,0,881580,0,0,0,28196,2220920,0,0,0,0,4158769,0,0,462029,0,0,92178,100501,0,0,0,0,0,39681,0,478022,0,0,0,0,0,0,0,353151,35896,0,120925,0,0,0,0,66418,63630,0,0,0,0,33598,0,0,0,60250,0,0,0,0,30071,0,9947,0,58836,0,0,173120,0,0,0,711378,0,16723862,1666775,15469672,0,0,4544835,2689540,0,21319135,0,1182461,0,0,2077332,0,90396,230484,0,396539,463187,0,0,1152633,221611,0,0,0,33659,0,exometabolome,Sulphate limiting,0.07,External/Exometabolome
82_3,15478570,0,0,0,0,0,0,0,508615,0,0,0,70138,3847834,0,0,0,0,2401431,0,0,421226,0,0,0,0,0,0,6106019,0,1752347,1475782,0,2251982,0,0,0,0,0,0,10974227,0,0,0,0,0,0,0,0,0,0,1474483,216902,14851308,0,0,0,0,0,2346458,0,2610673,0,0,0,546403,0,0,3889394,0,0,101626,107425,0,0,0,0,0,0,0,0,35449311,0,0,0,0,2235855,0,0,0,0,0,0,0,0,0,0,0,0,240315502,0,57504,0,0,0,208482,0,0,912145,0,0,0,0,0,0,0,0,139080,17614305,0,14952282,0,0,9060710,130417,0,28783083,0,5827778,512584,7300230,0,0,0,1585740,0,543256,2675432,0,106673,202222,238961,766693,849550,849550,1204679,0,366969,0,0,0,1194072,0,0,0,0,0,0,0,0,0,50155,0,0,0,0,0,0,910251,0,23146,0,0,0,0,0,18127794,0,2900728,0,0,0,15438,153799609,0,0,0,0,0,0,2194289,0,0,1327881,0,374152,527961,14379,581259,0,0,0,4108967,0,0,0,0,0,0,0,0,0,0,0,655051,0,0,0,41891,0,0,0,0,0,0,0,0,0,0,0,0,0,0,0,0,0,0,0,0,0,37908829,0,0,0,0,0,4098081,2442483,0,0,0,0,0,0,0,0,0,0,0,0,0,0,92104,0,0,0,0,0,0,664698,0,0,0,0,0,0,1321920,0,500875,0,201663,499149,1661724,0,0,929173,0,0,0,17311,1176858,0,0,0,0,3878907,0,48825,473453,0,0,0,58034,0,2479221,0,0,0,38541,0,0,0,0,0,0,0,0,0,313645,0,0,135644,0,0,0,0,70351,32330,0,0,0,0,15682,0,0,0,50886,0,0,0,0,19495,0,0,46597,0,0,0,0,0,0,0,725431,0,15102073,1652924,15102073,0,0,4593198,2641490,0,21278470,0,1554164,0,53812,719736,0,54557,4241088,2354114,405631,457697,0,0,1172873,224411,0,0,0,0,0,exometabolome,Sulphate limiting,0.07,External/Exometabolome
83_1,13495397,0,0,0,0,0,0,0,10697,0,0,0,221493,2606271,0,0,0,0,1279410,0,0,0,0,0,0,0,0,0,2686394,406947,1530280,1415498,0,588207,0,0,0,0,0,0,3367652,0,7538181,1742664,0,0,0,0,0,0,0,0,0,8654921,0,0,0,0,0,0,0,0,0,51539,0,0,0,520555,2265727,0,0,0,474064,0,0,7286776,0,0,4390404,0,38399,0,366940,0,0,0,0,0,0,0,0,5091222,0,0,0,0,0,0,0,11744752,0,16763,0,0,0,0,0,0,1037387,302449,0,0,0,7050821,0,421650,0,0,17959439,0,14613425,0,0,5447516,129099,0,22479764,0,1301851,321310,5661583,0,0,0,1484744,0,252791,8200715,0,0,37081,17650,381308,923837,0,815036,0,332651,4883,0,0,832496,0,0,0,430905,0,0,0,0,0,0,0,0,0,0,0,0,972014,0,0,0,0,0,0,0,15550258,0,4039337,0,0,0,0,131991917,0,0,0,0,0,0,2147728,0,0,754598,0,140991,0,72316,477406,0,0,0,2519052,0,0,0,0,0,0,0,0,0,0,618459,92570,0,32622,0,0,1216156,0,0,0,0,0,0,0,0,0,0,0,0,0,0,0,0,0,0,0,0,38908953,0,0,0,0,0,2506259,4968291,0,0,0,0,0,0,21045,0,0,0,0,0,0,0,0,0,0,0,0,0,0,515974,0,118075,0,0,0,0,0,3368445,118075,0,205858,447782,701497,0,0,340922,0,0,0,23740,761947,0,0,23667,0,761947,0,0,530501,6541,0,24574,42967,0,1719216,0,0,0,33084,0,362378,0,0,0,0,0,0,0,100041,0,0,0,0,0,0,0,201412,27055,0,0,0,0,12520,0,0,0,5339,0,0,0,0,12425,0,9596,0,0,0,0,83678,0,0,0,168432,0,13216414,1320165,11287693,0,0,3970381,2100169,0,58094943,1705778,1617610,0,57679,782256,0,36136,6536283,1980777,147836,353547,0,0,1029875,37142,0,0,0,0,0,exometabolome,Sulphate limiting,0.07,External/Exometabolome
84_1,15031006,0,0,0,0,0,0,0,0,0,0,0,179846,3300040,0,0,0,0,0,0,0,0,0,0,0,0,0,0,6231165,430526,1349898,1491198,0,634122,0,715580,0,0,0,139497,3189667,0,0,1833095,0,0,0,0,0,0,0,0,0,1246855,0,0,0,0,0,0,0,0,0,0,0,0,0,1908328,2350721,0,0,0,433858,0,0,7376928,0,0,0,0,0,25910053,434922,0,4960,0,0,0,0,0,653793,5441053,0,0,0,0,0,213994,0,80271402,0,0,0,0,0,0,0,0,0,0,0,0,0,0,0,447159,0,0,18261715,16931,14764762,0,0,6132519,0,0,29548180,0,1551221,0,7518934,0,0,0,2074360,0,881589,0,0,0,0,99956,409151,1057207,1057207,861589,0,391870,22622,0,0,905799,0,1556123,0,1556123,0,0,0,0,0,0,0,0,0,0,0,0,1038428,0,0,0,0,0,0,0,16121924,0,10363233,0,0,0,1671,33349024,0,0,0,0,0,0,2215470,0,0,792101,0,315000,503374,86648,505416,0,0,0,2655659,0,0,0,0,0,0,0,0,0,0,0,466892,0,0,0,0,2880516,0,0,0,0,0,0,0,0,0,0,0,0,0,0,0,0,0,0,0,0,37472451,0,0,0,0,0,2639034,0,0,0,0,0,0,0,0,0,0,0,0,0,0,0,0,0,21588,5137,0,1985613,0,0,0,0,0,0,0,0,1280149,3514290,68310359,0,0,461177,1113167,0,0,99236,0,0,0,7820,3101226,0,0,0,0,1662604,0,30386,495555,0,0,0,62853,0,2697744,0,0,0,34915,0,440660,0,0,0,0,0,0,0,180276,32525,54096,92783,74642,0,0,0,254962,22880,0,0,0,0,0,0,0,0,0,0,0,0,0,11238,0,10950,99138,9118,0,0,194159,0,0,0,204428,0,13399870,1380725,11571975,0,0,4216573,2203645,0,5375397,0,1919834,0,56064,941304,0,146513,11671917,0,353981,208103,0,0,0,0,0,0,0,0,0,exometabolome,Sulphate limiting,0.07,External/Exometabolome
85_1,14589635,0,0,0,0,0,0,0,0,0,0,0,146808,0,0,0,0,0,0,0,0,0,0,0,0,0,0,0,660162,0,0,675089,0,0,0,0,37365751,0,0,0,0,0,608081,431108,0,0,0,0,0,0,0,0,0,0,0,0,0,0,0,0,0,0,0,0,0,0,448768,0,0,0,0,0,0,0,0,44997,0,0,0,0,0,0,0,627833,0,3155949,0,0,0,0,0,0,0,0,0,0,0,0,0,0,0,0,0,0,0,0,2511915,0,0,0,0,0,0,0,0,0,0,0,0,0,0,0,0,2129038,0,0,0,0,0,0,0,0,0,0,0,0,0,0,0,0,0,0,0,0,0,0,1303163,0,0,0,0,0,0,0,0,0,0,6414099,0,0,0,0,0,0,0,0,0,353957,0,5310232,0,9076567,0,0,0,123259,0,0,0,0,0,0,0,0,0,0,0,0,4871003,0,0,0,0,0,0,0,0,0,0,0,0,0,0,381342,0,0,0,0,0,0,0,0,0,48102,98619,0,0,0,0,0,0,0,0,0,0,0,9913,0,0,0,151414,0,0,0,0,0,0,0,0,0,0,22845,0,0,0,0,0,0,0,0,403666,0,29751,271490,0,0,0,26539,0,7202363,0,0,0,0,0,0,0,0,0,0,0,0,23621,0,0,0,0,0,0,0,0,0,0,0,0,0,0,0,0,0,0,0,0,0,0,0,0,0,296007,0,0,0,0,19698,0,0,133327,0,0,0,0,0,0,0,0,0,0,92058,9974,0,0,29209,0,15136,0,0,0,0,140932,0,25535,256681,0,52318,0,39170,0,0,0,0,0,0,0,0,0,0,0,0,0,0,0,0,0,48816,0,0,0,0,376321,0,0,0,0,0,0,0,0,0,0,0,0,0,0,0,0,0,0,0,0,0,0,0,0,exometabolome,Sulphate limiting,0.1,External/Exometabolome
86_1,13895624,0,0,0,0,0,0,0,0,0,0,0,0,0,0,0,0,0,1270520,0,0,0,0,0,0,0,0,0,731494,0,0,702051,0,0,0,0,46617592,0,0,0,0,0,0,0,0,0,0,0,0,0,0,0,0,0,4197605,0,0,0,0,0,0,0,0,0,0,0,1734335,0,0,0,0,0,0,0,0,45512,0,0,27283,0,0,0,0,294326,0,3932981,0,0,0,0,0,0,0,0,0,0,0,0,0,0,0,0,0,0,0,0,974653,0,0,0,0,0,0,0,0,0,0,0,0,0,0,0,0,2964610,0,0,0,0,0,0,0,0,0,0,0,0,0,0,0,0,0,0,0,0,0,0,9025841,0,0,752678,0,0,0,0,0,0,0,34537780,0,0,0,0,0,0,0,0,0,980578,0,1168516,0,18527768,0,0,0,282641,0,0,0,0,0,0,0,0,0,0,403903,0,3099955,0,0,0,0,0,0,0,1368485,0,0,0,0,0,0,1110124,208164,0,0,0,0,0,0,0,0,0,0,0,0,0,0,0,0,0,0,0,0,0,0,0,0,0,1596395,0,0,1916673,0,0,0,0,13400,0,0,0,0,0,0,0,0,0,0,0,454228,0,32520,2583951,0,0,0,2915,1205434,1087634,0,0,0,370726,0,0,0,0,0,0,0,0,119663,0,0,0,0,0,0,0,0,0,0,0,0,0,0,0,0,0,0,0,0,0,0,0,0,0,597518,0,1862,15200,0,0,0,0,349622,0,0,0,0,0,0,0,0,0,0,255526,0,0,0,0,0,0,0,0,0,0,365016,0,208697,760084,0,429504,0,358728,0,0,0,0,0,0,0,0,0,0,0,0,0,0,0,0,0,148512,0,0,0,0,2284853,0,0,0,0,0,0,0,0,0,0,0,0,0,0,0,0,0,0,0,0,0,0,0,0,exometabolome,Sulphate limiting,0.1,External/Exometabolome
87_1,,,,,,,,,,,,,,,,,,,,,,,,,,,,,,,,,,,,,,,,,,,,,,,,,,,,,,,,,,,,,,,,,,,,,,,,,,,,,,,,,,,,,,,,,,,,,,,,,,,,,,,,,,,,,,,,,,,,,,,,,,,,,,,,,,,,,,,,,,,,,,,,,,,,,,,,,,,,,,,,,,,,,,,,,,,,,,,,,,,,,,,,,,,,,,,,,,,,,,,,,,,,,,,,,,,,,,,,,,,,,,,,,,,,,,,,,,,,,,,,,,,,,,,,,,,,,,,,,,,,,,,,,,,,,,,,,,,,,,,,,,,,,,,,,,,,,,,,,,,,,,,,,,,,,,,,,,,,,,,,,,,,,,,,,,,,,,,,,,,,,,,,,,,,,,,,,,,,,,,,,,,,,,,,,,,,,,,,,,,,,,,,exometabolome,Sulphate limiting,0.1,External/Exometabolome
88_1,13522843,0,0,0,0,0,0,0,0,0,0,0,0,948318,0,0,0,0,0,0,0,0,0,0,0,0,0,0,10955875,0,0,1712107,0,0,0,0,1249865,0,0,0,570043,2358401,12732134,2251970,0,0,0,0,0,0,0,0,0,0,0,0,0,215996,0,0,0,0,0,0,0,0,1259735,67004,4080338,0,14335320,0,0,0,0,11208862,0,0,372091,2389447,0,0,0,0,0,0,0,0,0,0,0,178229,0,0,0,0,0,0,0,32929,0,45060,0,0,0,0,0,0,0,0,597824,0,0,0,0,0,0,14856,15061224,15281,0,0,0,0,0,0,0,0,0,0,0,0,0,0,0,0,0,0,0,141068,0,0,0,0,0,0,0,0,19109,0,0,0,0,0,0,705586,0,0,0,0,0,0,0,0,0,0,0,0,0,0,0,0,0,0,0,0,0,0,0,0,0,0,0,0,0,0,0,0,0,0,0,0,30593,0,0,0,679909,0,0,0,0,0,0,618010,0,0,0,0,0,0,0,0,0,0,23711,0,0,0,0,0,0,0,0,0,0,0,0,0,0,0,0,0,0,0,0,0,0,0,0,0,1359989,0,0,0,0,0,3200660,802263,0,0,0,0,0,0,0,0,0,0,0,0,0,0,0,0,0,0,301578,0,0,0,0,0,0,0,0,0,0,55608,0,0,117683,37767,12266,0,0,0,0,0,0,1481,0,0,0,0,0,0,0,0,501479,0,0,0,24409,0,0,0,0,0,8292,0,0,0,0,0,0,0,0,0,0,0,0,0,0,0,0,0,0,0,0,0,0,0,0,0,147549,0,0,0,0,0,0,0,0,0,48602,0,0,0,86837,0,0,0,0,0,4604148,461978,4604148,0,0,4653677,2013084,54232,2412747,15436,1008107,0,303352,1221443,0,26613,894318,0,248592,110488,0,0,627359,42103,0,0,0,0,0,exometabolome,Sulphate limiting,0.2,External/Exometabolome
89_1,13153442,0,0,0,0,0,0,0,0,0,0,0,0,352379,0,0,0,0,0,0,0,0,0,0,0,0,0,0,6842167,0,0,2193522,0,0,0,0,0,0,0,0,8272963,0,8722164,1939779,0,0,0,0,0,0,0,0,42383,9824782,0,0,0,250911,0,0,0,0,0,0,0,0,0,0,7965473,0,419209,0,0,0,0,7664055,0,0,0,18089632,0,0,0,0,0,0,0,0,0,0,0,0,0,0,0,0,0,0,0,218270236,0,21235,0,0,0,0,0,0,0,258374,1864207,0,0,1819740,0,0,0,0,18878165,14129,2332988,0,0,0,0,9868,7396901,0,0,0,1799133,0,0,0,592621,0,0,0,0,0,0,28320,542425,537654,0,234849,0,663647,42298,0,0,174488,0,105194,0,105194,0,38719,0,0,0,0,0,0,0,7187,0,0,94453,0,0,0,0,103585,0,0,0,0,1100486,0,0,0,23987,19870483,0,0,0,0,0,0,0,0,0,10563,0,70227,522601,0,215619,0,0,0,201592,0,0,0,0,0,0,0,0,0,0,2045941,159836,0,7025,0,0,0,0,0,0,0,0,0,0,0,0,0,0,0,0,0,0,0,0,0,0,0,28420910,0,0,0,0,0,0,245358,0,0,13860999,0,0,0,0,0,0,0,0,0,0,0,0,0,0,0,0,0,0,0,0,0,0,0,0,0,408240,0,0,0,311703,251509,812516,0,17158,216245,0,0,0,14381,163762,0,0,0,0,0,0,0,476448,0,0,0,2684,0,0,0,0,0,15276,0,254628,0,0,0,0,0,0,0,130763,7304,0,0,0,0,0,0,90008,0,0,0,0,0,0,0,0,0,0,0,0,0,0,0,0,0,0,0,0,0,0,0,0,0,0,0,14772057,1051600,0,0,0,5276829,2026302,0,23699661,535159,1088966,0,837166,1657067,0,25761,1347863,686872,0,269122,0,0,230843,120212,0,0,0,0,0,exometabolome,Sulphate limiting,0.2,External/Exometabolome
90_1,14422470,0,0,0,0,0,0,0,0,0,0,0,1245819,10615,0,0,0,0,0,0,0,0,0,0,0,0,0,0,8917490,0,0,1903964,0,0,0,0,0,0,0,0,711916,0,7067782,1063076,0,0,0,0,0,0,0,0,0,13023,0,0,0,91314,0,0,0,0,0,0,0,0,0,550968,0,0,3992171,0,0,0,0,0,0,0,0,0,0,0,679745,0,0,0,0,0,0,0,0,0,0,0,0,0,0,0,0,2472,0,0,0,0,399050,0,0,0,0,91969,867507,0,0,0,0,20861,101553,0,17604947,17742,1273019,0,0,83232,0,0,0,0,148152,0,0,0,0,0,0,0,0,0,0,0,0,12734,0,0,0,30890,0,805124,37106,0,0,0,0,0,0,1641635,0,0,0,0,0,0,0,0,14617,0,0,0,0,0,0,0,0,0,0,0,16191,0,0,0,0,0,0,0,0,0,0,0,0,0,0,0,0,9692,0,0,0,0,0,0,0,0,0,0,0,0,0,0,0,0,0,0,0,3374283,85183,0,0,0,0,3577386,0,0,0,0,0,0,0,0,0,0,0,11047074,0,0,0,0,0,0,0,0,32224071,0,0,0,0,0,832015,243447,110519,21457,15447803,0,0,0,0,0,0,0,0,0,0,0,0,0,0,0,20530,0,0,0,0,0,0,0,0,0,0,2430801,0,0,15489,234535,461877,0,10090,0,0,0,0,27170,0,0,0,0,0,0,0,0,506688,0,0,0,33881,0,0,0,0,0,15861,0,0,0,0,0,0,0,0,0,46475,0,5830,7172,0,0,0,0,0,0,0,0,0,0,0,0,0,0,0,0,0,0,0,0,0,0,59789,0,0,0,15204,0,0,0,0,0,11869275,704302,1630121,0,0,7382221,3403160,84217,3871217,31502,1889861,0,473522,2129961,0,49403,276087,0,381442,214391,0,0,1034253,16251,0,0,0,0,0,exometabolome,Sulphate limiting,0.2,External/Exometabolome
91_1,19226284,0,0,0,0,0,0,19958124,0,0,0,0,2048459,135515,1857143,0,0,0,2421567,0,490448,468988,0,0,0,9630,0,0,6371531,0,0,2352583,0,0,0,0,135385,0,0,0,23209231,0,0,2292276,0,0,0,0,0,0,0,0,0,16620246,0,0,0,308091,699891,4556460,0,4556460,0,0,0,974963,126811,576370,3175082,0,0,0,155302,630978,0,227438,23412,0,0,0,0,51799170,34896,0,0,0,5950857,0,0,0,0,0,0,0,0,0,0,58071,0,218801797,0,55267,0,0,0,0,0,0,0,0,1333543,0,0,0,0,0,135238,34697,18049854,0,34934733,0,0,10541735,0,0,21198177,0,0,0,5387348,0,0,63824,435738,0,870861,1244834,0,271409,0,11924,0,460354,0,0,0,0,0,0,0,3360933,0,0,0,0,0,0,0,66490,0,0,0,0,0,0,0,0,0,0,1018606,0,0,0,0,0,1977752,0,965494,0,0,0,0,17197719,374211,0,0,0,0,0,812774,0,29229,0,0,74948,1028072,0,0,0,0,0,240433,4164552,0,127533,0,0,0,0,0,0,0,276993,286601,0,237150,0,0,0,0,0,5158,0,0,0,0,13650883,47046,0,0,12462301,0,0,0,0,0,0,0,0,0,0,4167524,9057604,0,468820,0,0,0,0,881301,0,13180,0,151558,0,0,328323,0,72687138,0,0,0,0,17556,0,0,0,0,0,0,0,0,0,0,0,0,3536867,0,0,0,398655,2813955,0,29568,0,0,0,55568,0,0,0,0,0,0,0,0,62524,496082,0,0,0,0,14863,0,0,0,0,0,0,0,0,0,0,0,0,0,0,426150,0,0,132944,346066,0,0,0,0,0,0,0,0,0,0,0,0,0,17251,0,0,0,0,0,0,0,0,0,0,0,0,0,0,0,0,0,964732,484109,903050,0,0,484109,2070523,0,373771,0,0,0,0,0,0,0,29986,0,0,0,0,0,0,0,0,0,0,0,0,exometabolome,Ethanol limiting,0.07,External/Exometabolome
91_2,18478396,0,0,0,0,0,0,18863711,0,11696200,0,0,2852665,130786,0,0,0,0,2197751,0,0,0,0,0,0,0,0,0,6132261,0,0,2311085,0,0,0,0,0,0,0,0,23045144,0,15087457,2260292,0,0,0,0,0,0,0,484931,0,16754598,0,0,0,0,0,0,0,812207,0,725411,0,0,1404759,664410,3489860,0,0,0,308336,0,0,0,10046,1922074,0,0,0,52186574,14933,0,0,0,6324284,0,0,0,0,0,0,0,0,0,0,0,0,124364991,0,42508,0,0,0,0,0,0,0,655542,0,0,0,19690193,0,0,0,0,18066538,16793,34854149,0,0,0,0,296022,0,0,0,0,6211547,0,0,0,573763,0,874215,11146612,0,248300,0,228880,739930,0,0,0,0,0,0,0,0,3402616,0,0,0,373009,0,0,0,0,0,201597,0,0,0,0,0,0,166918,0,1198046,0,0,0,0,0,219013,0,1164644,0,0,0,0,2330696,332919,0,0,0,0,0,817477,0,0,0,0,0,2106446,0,573971,0,0,0,248966,6113388,0,185213,0,0,0,0,0,0,0,1169401,758476,0,19394,0,0,695091,0,0,6357,0,16545,0,0,14132319,0,735031,0,12107814,0,0,0,0,0,0,0,0,0,2297,3988375,9113172,0,0,0,0,0,0,354476,0,8258,0,2481798,0,0,613898,0,71971724,0,0,0,29470,92037,0,0,0,16412,0,44582,0,0,0,0,53640,0,4694367,0,0,0,541605,3800565,0,32677,0,0,0,64407,0,0,0,0,0,0,0,0,80970,498071,0,0,0,0,0,0,0,0,0,0,0,0,0,0,5330,0,0,0,0,575540,0,0,0,504084,0,0,0,25359,0,0,0,0,0,0,0,0,0,0,0,0,0,0,0,0,0,0,0,0,0,0,0,0,0,0,0,1036578,488169,929305,0,0,488169,2126112,0,372494,0,5699,0,0,0,44316,0,110010,0,0,0,12440,0,0,0,0,0,0,0,0,exometabolome,Ethanol limiting,0.07,External/Exometabolome
91_3,18548743,460812,0,0,0,0,0,20735061,0,13486291,0,0,2286909,138128,2153855,0,0,0,2343849,0,0,462538,0,0,0,0,0,0,6472261,0,0,2394721,0,0,0,0,0,0,0,0,23963326,0,15952280,2335043,0,0,0,0,0,0,0,535354,0,16358343,0,0,0,0,660454,0,0,1123614,0,260673,474249,1060105,2759113,623502,3807713,0,0,0,335022,674643,0,201638,82892,0,0,0,0,49229634,0,0,0,0,0,0,0,0,0,0,0,0,0,0,0,0,0,122900688,0,48704,0,0,0,0,0,0,0,675141,0,0,0,20211713,0,151033,190502,0,18370001,17839,35368325,0,0,0,0,0,0,0,0,0,6340443,0,0,0,581687,0,890093,12186868,0,244735,0,9522,0,348350,0,0,0,0,0,0,0,3458952,0,0,0,0,0,0,0,0,0,194150,0,0,0,229396,0,0,173064,0,1167775,0,0,0,0,0,128811,0,0,0,0,0,9314,18293580,311596,0,0,0,0,0,822074,0,0,0,0,0,2313349,0,0,0,0,0,251349,6778487,0,202808,0,0,0,0,0,0,0,755719,613499,0,338087,0,0,671320,0,0,5231,0,0,0,0,13931106,511304,0,0,11073803,0,0,0,0,0,0,0,0,0,0,4089756,9150624,0,454955,0,0,3829964,7644,294299,0,17115,0,2595876,0,0,4164567,0,70576500,0,0,0,0,85106,0,0,0,0,0,0,0,0,0,0,77682,0,4627835,0,0,0,537803,3965122,0,0,0,0,0,0,0,0,0,0,0,0,0,0,84159,499282,0,0,0,3906,0,0,0,0,0,0,0,0,0,0,5973,0,0,0,0,605649,0,0,118651,533802,0,0,0,14238,0,0,0,0,0,0,0,0,0,9661,0,0,0,0,0,0,0,0,0,0,0,0,0,0,0,0,0,1010612,464497,902270,0,0,464497,2086924,0,362122,0,7792,0,0,0,0,0,110803,0,0,0,0,0,14118,0,0,0,0,0,0,exometabolome,Ethanol limiting,0.07,External/Exometabolome
92_1,29332168,424773,0,0,0,0,0,0,1288301,0,0,1288301,1010201,165654,0,0,0,0,2349472,0,0,449043,0,0,0,36877,0,114635,6306146,0,0,2309596,0,0,0,0,0,0,224468,0,35182721,0,14042444,2295481,0,0,0,0,0,0,0,590797,0,14282427,0,777423,0,413646,521050,0,0,1649701,0,0,9079136,1151796,5099589,890281,4260933,0,0,0,304711,610653,0,104293,0,2178893,2155170,0,115916,55888510,0,0,0,0,1603462,0,0,0,0,0,0,0,74848,0,0,0,0,232761395,0,63763,0,0,0,0,0,0,0,434047,0,0,0,24462196,0,189480,0,0,17791853,17260,36559221,0,0,10178701,0,0,0,210444,0,0,6579665,0,0,0,661581,0,1078375,13791538,0,273042,0,221446,0,458079,0,0,0,0,0,0,0,5487089,0,0,0,2563433,0,0,0,0,0,0,0,0,0,0,0,0,0,0,1468145,0,0,0,0,0,2310101,0,1075605,0,0,0,7723,26607668,0,0,0,0,0,0,919131,0,0,120337,0,0,234094,0,631305,0,0,0,349620,1667773,0,322698,0,0,0,0,0,0,0,243285,750927,0,33003,0,0,0,0,0,0,0,0,0,0,18017206,30861,0,0,7660363,0,0,423494,0,0,0,0,0,0,0,5051723,0,0,0,0,0,3577123,0,2098704,0,13249,0,4446918,0,0,194284,0,92701395,0,0,0,0,56775,0,0,0,726287,0,0,0,0,0,0,24173,0,5344738,0,0,0,616966,1747140,0,0,0,0,0,0,0,0,0,0,0,0,0,0,0,529477,0,0,0,5408,0,0,0,0,0,0,0,0,0,0,5571,0,0,0,0,202862,0,0,100985,130505,0,0,0,6659,0,0,0,0,0,0,0,0,0,0,0,0,0,0,0,0,0,0,0,0,0,33166,0,0,0,0,0,0,553879,1097066,0,0,553879,2839297,0,386200,0,8388,0,0,0,22512,0,142550,0,0,0,0,0,0,0,0,0,0,0,0,exometabolome,Ethanol limiting,0.07,External/Exometabolome
93_1,26862232,0,0,0,0,0,0,0,0,13805602,0,0,152743,177094,0,0,0,0,2280799,0,0,0,0,0,0,0,0,0,6191837,0,2109617,2152672,0,0,0,0,0,0,0,200427,31010963,0,0,2196349,0,0,0,0,0,0,0,172099,0,16544350,0,0,0,397889,0,0,0,437926,0,489728,0,1058246,0,967590,4466340,0,0,0,369688,0,0,100786,87605,2352878,0,0,0,51450939,0,0,0,0,5536173,0,0,0,0,0,0,0,0,0,0,0,0,120823330,0,76804,0,0,0,0,0,0,0,413598,0,0,0,0,0,199888,0,0,17314946,39526,38477725,0,0,6639486,0,0,0,0,0,0,7639874,0,0,0,773230,0,0,21846766,0,0,0,0,623022,414147,414147,0,0,0,0,0,0,0,0,0,0,0,0,0,0,0,0,0,0,0,0,271447,0,0,218497,0,1513601,0,0,0,0,0,425966,0,126080,0,0,0,0,25948858,255269,0,0,0,0,0,1016031,0,0,140548,0,0,517512,0,666152,0,0,0,376453,1453581,0,352284,0,0,0,0,0,0,0,103894,1108817,0,195017,0,0,848102,0,0,15796,0,0,0,0,17590981,9195,0,0,12098864,33172263,0,7076181,0,0,0,0,0,0,0,5285839,11999796,0,0,0,0,4581927,0,396239,0,14466,0,4360551,0,0,215330,0,91090500,0,0,4942,0,140111,0,0,0,0,0,79598,0,0,0,0,96965,0,5994109,0,0,0,706433,1612993,0,9546,0,0,0,65790,0,0,0,0,0,0,0,0,0,582935,0,14659,0,5381,0,0,0,0,0,0,0,0,0,0,0,0,0,0,0,193510,0,0,89265,0,0,0,0,5113,0,0,0,0,0,0,0,0,0,5769,0,0,0,0,0,0,0,0,0,0,0,0,0,0,0,0,0,77627,526728,1041928,0,0,526728,2945752,0,580704,0,13852,0,0,0,25545,0,137743,0,0,0,0,0,0,0,0,0,0,0,0,exometabolome,Ethanol limiting,0.07,External/Exometabolome
94_1,26372621,0,0,0,0,0,0,0,0,13999820,0,0,280010,9447,0,0,0,211471,2545458,0,0,447061,0,0,229415,0,0,0,6269911,0,0,2403041,0,0,387051,0,0,0,0,227873,31492994,0,14879432,2324008,0,0,0,0,0,0,0,0,0,16288148,0,1051102,0,355912,0,0,0,0,0,0,3660300,0,7468880,304674,4418414,0,0,0,319817,659580,0,38312,0,852606,0,0,0,54787148,0,0,0,0,5722844,0,0,0,0,0,0,0,0,0,0,31436,0,118072657,0,69029,0,0,0,0,0,0,0,0,0,0,0,18262799,0,0,213290,213290,16812106,18033,18683055,0,175894,11113900,0,234509,0,0,0,0,6176618,0,0,0,501707,0,595211,29967781,0,234300,0,296143,729942,270553,270553,0,0,0,0,0,0,0,0,0,0,63131,0,0,0,0,0,180832,0,0,0,0,0,0,0,0,552492,0,0,0,0,0,1130116,0,1739717,0,0,0,0,6371023,217291,0,0,0,0,0,0,0,0,51874,0,10984,366692,12703,319331,0,0,0,138119,1366090,0,176275,0,0,0,0,0,0,0,32680,596075,0,297104,0,0,711645,0,0,8570,0,0,0,0,18359539,142741,0,0,9689476,12793871,0,10320524,0,0,0,0,0,0,116618,2486566,11124833,0,66401,0,0,4954090,0,392694,0,23238,0,1370584,0,0,1390845,0,47794609,0,0,0,0,24573,0,0,68299,0,0,83548,0,0,0,0,0,0,5799781,0,0,0,679168,1493736,0,22579,0,0,0,0,0,0,0,0,0,0,0,0,26311,541122,0,12467,0,0,0,0,0,0,0,0,0,0,0,0,0,0,0,0,0,171263,0,25952,89057,104836,0,0,0,0,0,0,0,0,0,0,0,0,0,0,0,0,0,0,0,0,0,0,0,0,0,43183,0,0,0,0,0,0,306252,621725,0,0,306252,1520929,0,254458,0,0,0,0,0,0,0,70811,0,0,0,0,0,0,0,0,0,0,0,0,exometabolome,Ethanol limiting,0.1,External/Exometabolome
95_1,22290711,434689,0,0,0,0,0,20647935,0,14088833,0,0,0,161706,0,0,0,0,2446304,0,0,459136,0,0,226706,0,0,0,6185338,0,0,2358955,0,0,455201,0,0,0,0,214378,33119627,0,13647131,2268296,0,0,0,520899,0,0,0,0,0,14391899,0,698668,0,353796,0,0,0,301496,0,0,3393668,1386256,0,0,4643789,0,0,0,311416,592484,0,53492,24675,782324,0,0,0,55997587,0,0,0,0,6087533,0,0,0,0,0,0,0,49951,0,0,0,0,234386494,0,44558,0,0,0,0,0,0,0,1149935,0,0,0,16469342,0,0,83570,83570,17334381,0,17560937,0,143059,10174260,0,249518,0,0,0,0,7267179,0,0,0,726858,0,522386,24160822,0,256372,21283,227230,643796,208859,208859,0,0,0,0,0,0,2184939,0,0,0,2418921,0,0,0,0,0,180083,0,0,0,0,0,0,90878,0,493766,0,0,0,0,0,0,0,1282663,0,0,0,3974,4962761,223160,0,0,0,0,0,0,0,0,0,0,0,734355,94208,0,0,0,0,119680,1410477,0,100349,0,0,0,0,0,0,0,443559,737115,0,149503,0,0,0,0,0,0,0,0,0,0,19092472,359130,0,0,5869278,9494157,0,9654666,0,0,0,0,0,0,0,2264956,5942323,0,0,0,0,4808162,0,0,0,14215,0,1053894,0,0,540649,0,75223319,0,0,0,0,0,0,0,0,0,0,48686,0,0,0,0,152409,0,5340230,0,0,0,612615,1306697,0,19794,0,0,0,26977,0,0,0,0,0,0,0,0,19936,530050,0,10892,0,0,0,0,0,0,0,0,0,0,0,0,0,0,0,0,0,148504,0,0,0,0,0,0,0,0,0,0,4815,0,0,0,0,0,0,0,0,0,0,0,0,0,0,0,0,0,0,43170,0,0,0,0,0,0,294929,600776,0,0,294929,1298659,0,164380,0,0,0,0,0,29215,0,50204,0,0,0,0,0,0,0,0,0,0,0,0,exometabolome,Ethanol limiting,0.1,External/Exometabolome
96_1,24616802,408253,0,0,0,0,0,0,1427700,14330801,0,1427700,149808,24811,0,0,0,0,2318437,0,0,0,0,145355,0,0,0,0,6622073,0,2374649,2296554,0,0,0,0,0,0,226071,0,38297858,0,1063322,2375301,0,0,0,0,0,0,0,0,0,14768273,0,0,0,0,0,0,0,516002,0,0,0,1395402,0,0,5679283,0,0,0,296779,629866,0,47487,25230,0,600374,0,0,55963892,0,0,0,0,6498634,0,0,0,0,0,0,0,0,0,0,32238,0,238569454,0,87823,0,0,0,0,0,0,0,407291,0,0,0,17395922,0,0,0,0,17839445,23442,17854573,0,135400,11356835,0,215115,0,0,0,0,7185199,0,0,0,734420,0,565385,19507419,0,240265,0,244153,630530,216160,216160,216160,0,0,0,0,0,2436056,0,0,0,3118152,168761,0,0,0,0,0,0,0,0,162907,0,0,91900,0,524683,0,0,0,0,0,1026900,0,192175,0,0,0,0,5324957,200731,0,0,0,0,0,0,0,0,0,0,0,0,0,304775,0,0,0,113979,489055,0,143448,0,0,0,0,0,0,0,0,0,0,121940,0,0,518739,0,0,0,0,0,0,0,19815588,5381,0,0,5234710,10223125,0,9894985,0,0,0,0,0,0,119738,2336889,5629317,0,0,0,0,5433254,0,359445,0,3359,0,1141872,0,0,285174,0,79621424,0,0,0,0,0,0,0,0,0,0,62371,0,0,0,0,107831,0,5459385,0,12633,0,629441,870491,0,0,0,0,0,0,0,0,0,0,0,0,0,0,0,537345,0,12987,0,0,11881,0,0,0,0,0,0,0,0,0,0,0,0,0,0,87129,0,0,72793,0,0,0,0,0,0,0,0,0,0,0,0,0,0,0,0,0,0,0,0,0,0,0,0,0,0,0,0,0,0,0,0,0,303893,609639,0,0,303893,1340388,0,145287,0,0,0,0,0,0,0,54019,0,0,0,0,0,0,0,0,0,0,0,0,exometabolome,Ethanol limiting,0.1,External/Exometabolome
100_1,23752858,0,0,0,0,0,0,0,0,0,0,0,314451,420088,0,0,0,0,2064512,0,0,379674,0,0,0,0,0,0,6424987,0,1587906,1973013,0,0,0,485665,0,0,0,0,0,0,21049728,1934061,0,0,0,0,0,0,0,0,0,17329824,0,0,0,0,0,0,0,1263851,0,419995,0,0,0,4925290,4443953,0,0,0,341450,456981,0,3940390,0,0,492314,0,0,54232127,0,0,0,0,2313909,0,0,0,0,0,0,0,12708,0,0,0,0,122277463,0,91051,0,0,0,0,0,0,766528,582306,0,0,0,4601026,0,164902,0,0,15790856,14877,1417547,0,0,7854824,219374,0,0,0,0,137097,7438458,0,0,0,1095095,0,0,13256692,0,211461,0,0,600126,659203,659203,0,0,694760,40474,0,0,1913932,0,0,0,0,0,0,0,0,0,0,0,0,0,0,0,0,223535,0,835081,0,0,0,0,0,2845571,0,102596,0,0,0,0,20107607,112488,0,0,0,0,0,39896673,0,0,243970,0,343975,933416,0,4395105,0,0,0,808931,2167612,0,337433,0,0,0,0,0,0,0,2058238,16667886,0,713645,0,0,6313935,0,0,0,0,0,0,91962,0,89016,0,0,19183913,3781241,0,0,0,0,0,0,0,0,0,2512856,19068551,0,24189,4577,0,291329,0,725300,0,54754,0,110896,0,0,321154,0,82018359,0,0,0,9737,11022,0,0,0,27947,0,28207,0,0,0,0,0,0,5555843,0,0,0,639276,1615488,0,0,0,0,0,1433854,0,0,0,0,0,0,0,0,0,613463,0,16284,0,0,0,0,0,0,0,0,0,0,0,0,6794,0,0,0,0,193191,0,0,73659,0,0,0,0,62850,0,0,0,0,0,0,0,0,0,0,0,0,0,0,0,0,0,0,0,0,0,39520,0,0,0,0,0,1496754,93141,1506971,0,0,1268553,20269945,27497,595767,4804,366142,0,122051,366142,0,0,1085818,0,0,39503,0,0,187562,17757,0,0,0,0,0,exometabolome,Glucose/O2 limiting,0.07,External/Exometabolome
100_2,,,,,,,,,,,,,,,,,,,,,,,,,,,,,,,,,,,,,,,,,,,,,,,,,,,,,,,,,,,,,,,,,,,,,,,,,,,,,,,,,,,,,,,,,,,,,,,,,,,,,,,,,,,,,,,,,,,,,,,,,,,,,,,,,,,,,,,,,,,,,,,,,,,,,,,,,,,,,,,,,,,,,,,,,,,,,,,,,,,,,,,,,,,,,,,,,,,,,,,,,,,,,,,,,,,,,,,,,,,,,,,,,,,,,,,,,,,,,,,,,,,,,,,,,,,,,,,,,,,,,,,,,,,,,,,,,,,,,,,,,,,,,,,,,,,,,,,,,,,,,,,,,,,,,,,,,,,,,,,,,,,,,,,,,,,,,,,,,,,,,,,,,,,,,,,,,,,,,,,,,,,,,,,,,,,,,,,,,,,,,,,,exometabolome,Glucose/O2 limiting,0.07,External/Exometabolome
100_3,,,,,,,,,,,,,,,,,,,,,,,,,,,,,,,,,,,,,,,,,,,,,,,,,,,,,,,,,,,,,,,,,,,,,,,,,,,,,,,,,,,,,,,,,,,,,,,,,,,,,,,,,,,,,,,,,,,,,,,,,,,,,,,,,,,,,,,,,,,,,,,,,,,,,,,,,,,,,,,,,,,,,,,,,,,,,,,,,,,,,,,,,,,,,,,,,,,,,,,,,,,,,,,,,,,,,,,,,,,,,,,,,,,,,,,,,,,,,,,,,,,,,,,,,,,,,,,,,,,,,,,,,,,,,,,,,,,,,,,,,,,,,,,,,,,,,,,,,,,,,,,,,,,,,,,,,,,,,,,,,,,,,,,,,,,,,,,,,,,,,,,,,,,,,,,,,,,,,,,,,,,,,,,,,,,,,,,,,,,,,,,,exometabolome,Glucose/O2 limiting,0.07,External/Exometabolome
101_1,28787822,411106,0,0,0,0,0,0,1253890,12795012,0,1253890,1512997,366116,0,0,0,0,2139856,0,293408,397337,0,0,0,0,0,0,7319564,0,1761917,1959367,0,0,0,0,0,0,0,150523,29729796,0,0,2028326,0,0,0,0,0,0,0,0,0,16377853,0,0,0,742077,518038,0,0,3274873,0,0,0,786858,348066,4790607,1011046,0,0,0,258316,0,0,4326966,0,0,280634,0,0,0,0,0,0,0,2265010,0,0,0,0,0,0,0,60361,0,0,0,0,242406825,0,218492,0,0,0,0,0,0,627650,265055,0,0,0,4283728,0,0,20083,20083,16203206,15135,1353343,37462,200876,3975869,0,200551,0,0,0,0,6991479,0,0,0,1088636,0,584083,7331451,0,215818,0,195611,547982,788253,788253,0,0,1039986,63122,0,0,2390831,0,0,0,1814613,0,0,0,0,0,0,0,0,0,210434,0,0,261208,0,936783,0,0,0,0,0,2847054,0,95016,0,0,0,0,24062213,0,0,0,0,0,0,38192057,0,0,203824,0,319392,542125,0,4069552,0,0,0,596565,1313373,0,204457,0,0,0,0,0,0,0,2048591,20368678,0,907957,0,0,0,0,0,0,0,0,0,0,14661572,44093,927745,0,18926471,0,0,0,0,0,0,0,0,0,0,2733216,18288386,0,812326,0,0,1987663,0,2217681,0,152878,0,13575,0,0,335799,0,93693157,0,0,0,0,0,0,0,0,21012,0,0,0,0,0,0,0,0,4495981,0,0,0,520990,1228497,0,1889,0,0,0,1599994,0,0,0,0,0,0,0,0,0,584573,0,13271,0,0,0,0,0,0,0,0,0,0,0,0,0,0,0,0,0,146273,0,0,71223,0,0,0,0,0,0,0,0,0,0,0,0,0,0,0,0,0,0,0,0,0,0,0,0,0,0,0,0,0,0,0,0,1108373,64236,1013642,0,0,1515553,21299944,30616,1178486,0,376141,0,136673,380494,0,0,1097126,444763,66539,29003,0,0,218085,13660,0,0,0,0,0,exometabolome,Glucose/O2 limiting,0.07,External/Exometabolome
102_1,23086099,0,0,0,0,0,0,17621524,0,0,0,0,1909672,341870,0,0,0,163299,2247241,0,0,429094,0,0,0,0,0,0,6035874,0,0,2044921,0,0,0,0,0,0,0,0,14354980,0,18934616,1982969,0,0,0,0,0,0,0,0,0,16985968,0,0,0,432381,0,403481,0,403481,0,539201,0,0,0,3403928,3474701,0,0,480164,312627,0,0,0,0,0,0,0,0,37345592,0,0,0,0,2425166,0,0,0,0,0,0,0,0,0,0,0,0,231663377,0,66775,0,0,0,0,0,0,0,464753,0,0,582097,3706416,0,136208,542203,542203,16573460,17139,1068787,0,208833,0,178004,0,23742546,0,0,0,6012288,0,0,0,663300,0,472133,11001196,0,312632,0,0,649291,548145,548145,0,0,571405,0,0,0,1603369,0,0,0,0,0,0,0,0,0,0,0,0,0,0,0,0,178386,0,654482,0,0,0,0,0,2375794,0,0,0,0,0,0,16196044,220003,0,0,0,0,0,32702589,0,0,0,0,279417,0,0,3560996,0,0,0,597005,1067672,0,479903,0,0,0,0,0,0,0,1852698,14261050,0,636208,0,0,7126849,0,0,0,0,0,3980,0,12061175,89230,1170513,0,0,3923505,0,0,0,0,0,0,0,0,0,2101142,29365618,0,194745,0,0,2394507,0,61445,0,30090,0,132388,0,0,179017,0,76064105,0,0,0,0,0,0,0,51580,8013,0,0,0,0,0,0,77915,0,5017299,0,0,0,581839,1455355,0,0,0,0,0,1039712,0,0,0,0,0,0,0,0,26806,573558,0,17911,0,0,0,0,0,0,0,0,0,0,0,0,6568,0,0,0,0,172983,0,0,63386,0,0,0,0,72071,0,0,0,0,0,0,0,0,0,19872,0,0,0,0,0,0,0,0,0,0,0,39812,0,0,0,0,0,1260290,80020,1268146,0,0,993640,17386544,0,519092,0,269265,0,71992,277324,0,0,945181,0,12959,31411,0,0,153043,15316,0,0,0,0,0,exometabolome,Glucose/O2 limiting,0.07,External/Exometabolome
103_1,0,404505,0,0,0,0,0,20919965,0,0,0,0,1902765,434774,0,0,0,0,2416720,0,467446,474127,0,0,0,0,0,0,6952601,0,0,2382071,0,0,0,0,0,0,0,0,32870164,0,23902313,2314963,0,0,0,0,0,0,0,0,0,14580304,0,653817,0,413866,551756,0,0,277385,0,431562,0,1079288,0,1492491,4233511,0,0,0,305982,0,0,3823267,0,0,371966,0,0,64225018,0,0,0,0,4935976,0,0,0,0,0,0,0,94485,0,0,21384,0,108000528,0,60575,0,0,0,0,0,0,470848,475661,0,0,0,0,0,0,246602,0,18109912,18374,875112,0,0,10074481,111617,0,0,0,0,0,6429334,0,0,0,617320,0,267321,20111571,0,0,0,0,664216,927431,927431,0,0,881297,0,0,0,1164350,0,0,0,1600180,0,0,0,121712,0,158977,0,0,0,153587,0,0,256473,0,988978,0,0,0,0,0,2121858,0,811007,0,0,0,0,12109072,0,0,0,0,0,0,0,0,0,0,0,0,0,0,2126024,0,0,0,182062,1159285,0,181271,0,0,0,0,0,0,0,1260423,12205284,0,580333,0,0,10367983,0,0,0,0,0,0,0,11257939,51589,0,0,0,2943706,0,0,0,0,29133,0,0,0,0,934742,23423807,0,0,0,0,442981,419296,2150438,0,136472,0,171305,0,0,200195,0,89246365,0,0,0,0,0,0,0,0,0,0,15721,0,0,0,0,0,0,4419315,0,0,0,509048,1318809,0,0,0,0,0,591081,0,0,0,0,0,0,0,0,0,497271,0,8789,0,0,0,0,0,0,0,0,0,0,0,0,0,0,0,0,0,158372,0,0,64241,0,0,0,0,133358,0,0,0,0,0,0,0,0,0,0,0,0,0,0,0,0,0,0,0,0,0,36566,0,0,0,0,0,1231969,74801,1231969,0,0,1202997,8159091,22168,346861,0,335201,0,119142,335201,0,0,970914,0,53601,29305,0,0,0,19049,0,0,0,0,0,exometabolome,Glucose/O2 limiting,0.1,External/Exometabolome
104_1,0,1426444,0,0,0,0,0,0,0,0,0,0,1578804,0,0,0,0,183932,2556946,0,0,485937,0,0,0,0,0,0,6660088,0,0,2328723,0,0,0,0,0,0,231594,0,26353696,0,16546418,2273329,0,0,0,0,0,305270,0,139611,0,14850895,0,0,0,401567,0,0,0,33625,0,565275,0,1110471,0,1149711,3894714,0,0,104360,343159,679939,0,3104591,0,2882072,0,0,0,47051244,0,0,0,0,1773130,0,0,0,0,0,0,0,0,0,0,0,0,210694207,0,62958,0,0,0,0,0,0,0,322823,0,0,0,3001525,0,0,460632,0,18285844,18489,688824,0,149220,9715682,87213,0,21728884,0,0,0,5482566,0,0,0,520666,0,0,12661142,0,250559,0,246582,734683,762468,762468,0,0,652916,38139,0,0,939601,0,1015002,0,1015002,0,0,0,99261,0,0,0,0,0,107393,0,0,37436,0,773249,0,0,0,0,0,1689440,0,0,0,0,0,0,9186216,0,0,0,0,0,0,9278318,0,0,0,0,95912,646383,0,0,0,0,0,110964,1525027,0,186409,0,0,0,0,0,0,0,1363134,10071020,0,497288,0,0,11367120,0,0,8550,0,0,0,0,11251954,30645,0,0,21995978,3068882,0,0,101700,0,0,0,0,0,0,650305,27088793,0,0,0,0,5223154,0,250046,0,35932,0,1396,0,0,290677,0,0,0,0,15379,0,0,0,0,0,15038,0,126631,0,0,0,0,49438,13814,3908552,0,0,0,442723,1437999,0,20015,0,0,0,432573,0,0,0,0,0,0,0,0,0,526078,0,0,0,4976,0,0,0,0,0,0,0,0,0,0,0,0,0,0,0,157044,0,0,71764,0,0,0,0,164777,0,0,0,0,0,0,0,0,0,11694,0,0,0,0,0,0,0,0,0,0,0,51402,0,0,0,0,0,1305726,96584,1121516,0,0,831507,6857821,12540,403779,0,246569,0,83414,223637,0,0,898456,0,0,28790,0,0,29998,15701,0,0,0,0,0,exometabolome,Glucose/O2 limiting,0.1,External/Exometabolome
105_1,31865051,394321,0,0,0,0,0,0,1101524,0,0,1101524,780128,367971,0,0,0,0,2133455,0,0,404851,0,0,0,0,0,0,6259390,0,1432156,2007879,0,0,397207,0,58899,0,149027,0,0,0,13685810,1958245,0,0,0,0,0,0,0,127739,0,16777284,0,0,0,277278,0,0,0,3754142,0,0,0,755071,195377,1344616,4399691,0,0,0,177964,0,0,3798400,0,0,157225,0,0,53924439,0,0,0,0,2071041,0,0,0,0,0,0,0,0,0,0,0,0,224761548,0,39995,0,0,0,0,0,0,448713,477018,0,0,0,3550149,0,0,0,335749,16050783,15705,830629,0,0,9203444,105179,0,0,0,0,0,5736988,0,0,0,555652,0,265506,2201062,0,202494,0,0,407794,896338,896338,0,0,772682,0,0,0,1135734,0,0,0,2235564,0,0,0,142354,0,0,0,0,0,0,0,0,219542,0,880114,0,0,0,0,0,2003349,0,735495,0,0,0,0,11553720,189579,0,0,0,0,0,11303558,0,0,75859,0,108225,260498,0,1998206,0,0,0,166234,598661,0,0,0,0,0,0,0,0,0,1309870,11880227,0,535852,0,8443,790953,0,0,22044,0,0,0,0,12248590,137491,0,0,0,0,0,0,0,0,16360,0,0,0,0,878757,24746782,0,35041,0,0,0,0,3825594,0,251432,0,10235,0,0,223528,0,89390431,0,0,0,70770,0,0,0,0,10002,0,0,0,0,0,0,0,0,3198355,0,0,0,360460,774810,0,0,0,0,0,520393,0,0,0,0,0,0,0,0,0,584982,0,0,0,0,0,0,0,0,0,0,0,0,0,0,0,0,0,0,0,88225,0,0,56022,0,0,0,0,0,0,0,0,0,0,0,0,0,0,0,0,0,0,0,0,0,0,0,0,0,0,0,0,0,0,0,0,761410,56399,844271,0,0,778647,6126800,15162,241015,0,213899,0,83327,220158,0,0,822801,0,0,23574,0,0,140204,10611,0,0,0,0,0,exometabolome,Glucose/O2 limiting,0.1,External/Exometabolome
106_1,30043396,421271,0,0,0,0,0,17346682,0,0,0,0,1193449,394249,0,0,0,0,2251696,0,0,428810,0,0,0,0,0,0,6090061,0,0,2063201,0,0,0,0,0,0,0,0,40498011,0,0,1996332,0,0,0,0,0,0,0,0,552142,14461888,0,0,0,348684,0,0,0,2644751,0,0,0,891246,939317,991117,1580108,0,0,0,329379,0,0,0,0,0,0,0,0,1902255,45641,0,0,0,1610092,0,0,0,0,0,0,0,92874,0,0,19940,0,116802743,0,62566,0,0,0,0,0,0,0,552052,0,0,0,4049079,0,56154,276972,276972,16001624,14736,1113374,0,132804,8466422,91078,0,0,0,0,0,5896255,0,0,0,517348,0,231386,3073560,0,210911,0,144400,415738,1440839,1440839,0,0,863674,52206,0,0,1010809,0,0,0,2471367,0,0,0,170934,0,0,0,0,0,161898,0,0,346866,0,842614,0,0,0,0,0,2805683,0,616861,0,0,0,0,11085527,8534,0,0,0,0,0,7643789,0,0,80606,0,86324,1029263,0,2265650,0,0,0,211103,1863102,0,110319,0,0,0,0,0,0,0,1218714,7331235,0,473347,0,0,7194573,0,0,0,0,0,5788,0,9788487,169103,0,0,17907998,420255,0,0,0,0,0,41675,0,0,0,608666,0,0,0,0,0,1463007,2163,3121907,0,199839,0,0,0,0,48370,0,89633436,0,0,0,0,0,0,0,0,0,0,0,0,0,0,0,0,0,3977437,0,0,0,474081,1598065,0,0,0,0,0,785400,0,0,0,0,0,0,0,0,25519,528109,0,0,0,0,0,0,0,0,0,0,0,0,0,0,0,0,0,0,0,186521,0,0,65224,173687,0,0,0,0,0,0,0,0,0,0,0,0,0,0,0,0,0,0,0,0,0,0,0,0,0,0,0,0,0,0,0,697389,46212,697389,0,0,713037,2334052,10096,177649,0,199659,0,74396,210184,0,0,624937,0,40444,18895,0,0,32199,2860,0,0,0,0,0,exometabolome,Glucose/O2 limiting,0.2,External/Exometabolome
107_1,28795437,0,0,0,0,0,0,0,0,13641301,0,0,835313,16399,0,0,0,171152,2186246,0,0,447992,0,0,0,0,0,0,6114632,0,0,2149278,0,0,0,0,0,0,0,0,30774180,0,13657451,2113645,0,0,0,0,0,0,0,126469,0,14341342,0,0,0,329322,0,0,0,901824,0,574709,0,1040018,1948318,913249,3907484,0,0,0,273702,574051,0,0,0,0,0,0,0,58543611,0,0,0,0,5443243,0,0,0,0,0,0,0,0,0,0,0,0,116131383,0,193114,0,0,0,0,0,0,0,341012,0,0,0,3479506,0,49651,0,19701,0,0,949906,0,0,9556823,0,0,0,0,0,0,0,0,0,0,583072,0,192007,11202273,0,232925,0,229360,619131,1223672,0,0,0,546726,0,0,0,824678,0,0,0,1016397,0,0,0,143511,0,166659,0,0,0,0,0,0,238325,0,757761,0,0,0,0,0,2370500,0,0,0,0,0,0,9152380,177920,0,0,0,0,0,6323693,0,0,74618,0,74352,470038,0,1913253,0,0,0,178063,1420206,0,191149,0,0,0,0,0,0,0,1142071,6239826,0,442964,0,0,9155274,0,0,0,0,0,0,0,10901299,103231,0,0,19169054,0,0,0,0,0,0,0,0,0,0,0,23470910,0,134635,0,0,1001021,0,1326207,0,89491,0,88543,0,0,263141,0,84582252,0,0,7692,0,0,0,0,0,0,0,0,0,0,0,0,0,0,4082272,0,0,0,470082,1155918,0,0,0,0,0,568568,0,0,0,0,0,0,0,0,0,531860,0,0,7639,0,0,0,0,0,0,0,0,0,0,0,0,0,0,0,0,144283,0,0,62691,0,0,0,0,73814,0,0,0,0,0,0,0,0,0,3384,0,0,0,0,0,0,0,0,0,0,0,32556,0,0,0,0,0,1035111,70150,889546,0,0,971419,2845833,0,275001,0,275699,0,100693,280795,0,0,171573,29599,46044,26684,0,0,162631,0,0,0,0,0,0,exometabolome,Glucose/O2 limiting,0.2,External/Exometabolome
108_1,31986226,391954,0,0,0,0,0,18198324,0,12655311,0,0,819902,394242,0,0,0,0,2151368,0,435494,409335,0,0,0,0,0,0,6188839,0,0,2100171,0,0,0,0,0,0,0,0,32901556,0,28118792,2025249,0,0,0,0,0,0,0,145378,0,16306372,0,0,0,348804,0,0,0,2011333,0,0,0,797430,1349468,1080469,3800937,0,0,0,274663,0,0,5901530,0,0,0,0,0,41606227,0,0,0,0,4185068,0,0,0,0,0,0,0,111693,0,0,0,0,113647738,0,107127,0,0,0,0,0,0,0,513595,0,0,0,3981603,0,0,0,471072,16194242,0,1086928,0,166752,8814195,88888,0,0,0,0,0,6029766,0,0,0,556863,0,219319,2813319,0,214829,0,0,0,1481435,1481435,0,0,920205,0,0,0,995791,0,0,0,781413,0,0,0,174495,0,200143,0,0,0,0,0,0,282668,0,892940,0,0,0,0,0,2781585,0,0,0,0,0,0,11777596,187128,0,0,0,0,0,7529606,0,0,0,0,84171,536816,0,2261239,0,0,0,234148,1556455,0,24100,0,0,0,0,0,0,0,985454,7036870,0,385758,0,0,7460006,0,0,0,0,0,3026,0,12605594,0,0,0,0,0,0,0,0,0,0,0,0,0,0,709975,22154151,0,0,0,0,1822908,0,3319398,0,213137,0,19331,0,0,262053,0,91300250,0,0,0,0,0,0,0,0,0,0,0,0,0,0,0,0,0,3913522,0,0,0,445685,1521033,0,0,0,0,0,641936,0,0,0,0,0,0,0,0,38206,586344,0,11294,0,0,21294,0,0,0,0,0,0,0,0,0,0,0,0,0,0,185351,0,0,72396,0,0,0,0,0,0,0,0,0,0,0,0,0,0,0,0,0,0,0,0,0,0,0,0,0,0,19746,0,0,0,0,0,639945,42977,0,0,0,1040167,2558774,8426,135904,0,232375,0,93387,268320,0,0,608478,329417,50673,16891,0,0,171994,8911,0,0,0,0,0,exometabolome,Glucose/O2 limiting,0.2,External/Exometabolome
